{"deviceType":"phone,tablet,2in1","checkEntry":"true","localPropertiesPath":"/Users/megasu/Documents/HarmonyOS/project/heima_music/local.properties","PATH":"/Applications/DevEco-Studio.app/Contents/tools/node/bin/","note":"false","aceProfilePath":"/Users/megasu/Documents/HarmonyOS/project/heima_music/entry/.preview/default/intermediates/res/default/resources/base/profile","isPreview":"true","hapMode":"false","buildMode":"debug","img2bin":"true","projectProfilePath":"/Users/megasu/Documents/HarmonyOS/project/heima_music/build-profile.json5","watchMode":"true","appResource":"/Users/megasu/Documents/HarmonyOS/project/heima_music/entry/.preview/default/intermediates/res/default/ResourceTable.txt","logLevel":"3","stageRouterConfig":{"contents":["{\"module\":{\"pages\":\"$profile:main_pages\",\"name\":\"entry\"}}","{\"src\":[\"pages/Index\",\"pages/Demo\",\"pages/Start\",\"pages/Home\",\"pages/Play\"]}"],"paths":["/Users/megasu/Documents/HarmonyOS/project/heima_music/entry/.preview/default/intermediates/res/default/module.json","/Users/megasu/Documents/HarmonyOS/project/heima_music/entry/.preview/default/intermediates/res/default/resources/base/profile/main_pages.json"]},"port":"29904","aceBuildJson":"/Users/megasu/Documents/HarmonyOS/project/heima_music/entry/.preview/default/intermediates/loader/default/loader.json","aceModuleRoot":"/Users/megasu/Documents/HarmonyOS/project/heima_music/entry/src/main/ets","aceSoPath":"/Users/megasu/Documents/HarmonyOS/project/heima_music/entry/.preview/cache/nativeDependencies.txt","cachePath":"/Users/megasu/Documents/HarmonyOS/project/heima_music/entry/.preview/cache/.default","aceModuleBuild":"/Users/megasu/Documents/HarmonyOS/project/heima_music/entry/.preview/default/intermediates/assets/default/ets","aceModuleJsonPath":"/Users/megasu/Documents/HarmonyOS/project/heima_music/entry/.preview/default/intermediates/res/default/module.json"}