{
  "entry|entry|1.0.0|src/main/ets/entryability/EntryAbility.ts": {
    "version": 3,
    "file": "EntryAbility.ets",
    "sourceRoot": "",
    "sources": [
      "entry/src/main/ets/entryability/EntryAbility.ets"
    ],
    "names": [],
    "mappings": ";;;;;OAGO,eAAe;;AAGtB,MAAM,CAAC,OAAO,OAAO,YAAa,SAAQ,SAAS;IACjD,QAAQ,CAAC,IAAI,EAAE,IAAI,EAAE,WAAW,EAAE,eAAe,CAAC,WAAW,GAAG,IAAI;QAClE,KAAK,CAAC,IAAI,CAAC,MAAM,EAAE,SAAS,EAAE,YAAY,EAAE,kBAAkB,CAAC,CAAC;IAClE,CAAC;IAED,SAAS,IAAI,IAAI;QACf,KAAK,CAAC,IAAI,CAAC,MAAM,EAAE,SAAS,EAAE,YAAY,EAAE,mBAAmB,CAAC,CAAC;IACnE,CAAC;IAED,mBAAmB,CAAC,WAAW,EAAE,MAAM,CAAC,WAAW,GAAG,IAAI;QACxD,yDAAyD;QACzD,KAAK,CAAC,IAAI,CAAC,MAAM,EAAE,SAAS,EAAE,YAAY,EAAE,6BAA6B,CAAC,CAAC;QAE3E,QAAQ;QACR,MAAM,UAAU,GAAG,WAAW,CAAC,iBAAiB,EAAE,CAAA;QAClD,gBAAgB;QAChB,UAAU,CAAC,yBAAyB,CAAC,IAAI,CAAC,CAAA;QAC1C,YAAY;QACZ,MAAM,SAAS,GAAG,UAAU,CAAC,kBAAkB,CAAC,MAAM,CAAC,aAAa,CAAC,WAAW,CAAC,CAAA;QACjF,wCAAwC;QACxC,MAAM,OAAO,GAAG,KAAK,CAAC,SAAS,CAAC,OAAO,CAAC,MAAM,CAAC,CAAA;QAE/C,OAAO,CAAC,GAAG,CAAC,OAAO,EAAE,IAAI,CAAC,SAAS,CAAC,SAAS,CAAC,CAAC,CAAC;QAChD,OAAO,CAAC,GAAG,CAAC,aAAa,EAAE,OAAO,CAAC,CAAA;QAEnC,gBAAgB;QAChB,eAAe,CAAC,IAAI,EAAE,CAAA;QACtB,OAAO;QACP,WAAW,CAAC,WAAW,CAAC,aAAa,EAAE,CAAC,GAAG,EAAE,EAAE;YAC7C,IAAI,GAAG,CAAC,IAAI,EAAE;gBACZ,KAAK,CAAC,KAAK,CAAC,MAAM,EAAE,SAAS,EAAE,+CAA+C,EAAE,IAAI,CAAC,SAAS,CAAC,GAAG,CAAC,IAAI,EAAE,CAAC,CAAC;gBAC3G,OAAO;aACR;YACD,KAAK,CAAC,IAAI,CAAC,MAAM,EAAE,SAAS,EAAE,mCAAmC,CAAC,CAAC;QACrE,CAAC,CAAC,CAAC;IACL,CAAC;IAED,oBAAoB,IAAI,IAAI;QAC1B,yDAAyD;QACzD,KAAK,CAAC,IAAI,CAAC,MAAM,EAAE,SAAS,EAAE,YAAY,EAAE,8BAA8B,CAAC,CAAC;IAC9E,CAAC;IAED,YAAY,IAAI,IAAI;QAClB,oCAAoC;QACpC,KAAK,CAAC,IAAI,CAAC,MAAM,EAAE,SAAS,EAAE,YAAY,EAAE,sBAAsB,CAAC,CAAC;IACtE,CAAC;IAED,YAAY,IAAI,IAAI;QAClB,iCAAiC;QACjC,KAAK,CAAC,IAAI,CAAC,MAAM,EAAE,SAAS,EAAE,YAAY,EAAE,sBAAsB,CAAC,CAAC;IACtE,CAAC;CACF",
    "entry-package-info": "entry|1.0.0"
  },
  "entry|entry|1.0.0|src/main/ets/entrybackupability/EntryBackupAbility.ts": {
    "version": 3,
    "file": "EntryBackupAbility.ets",
    "sourceRoot": "",
    "sources": [
      "entry/src/main/ets/entrybackupability/EntryBackupAbility.ets"
    ],
    "names": [],
    "mappings": ";;;AAGA,MAAM,CAAC,OAAO,OAAO,kBAAmB,SAAQ,sBAAsB;IACpE,KAAK,CAAC,QAAQ;QACZ,KAAK,CAAC,IAAI,CAAC,MAAM,EAAE,SAAS,EAAE,aAAa,CAAC,CAAC;IAC/C,CAAC;IAED,KAAK,CAAC,SAAS,CAAC,aAAa,EAAE,aAAa;QAC1C,KAAK,CAAC,IAAI,CAAC,MAAM,EAAE,SAAS,EAAE,yBAAyB,EAAE,IAAI,CAAC,SAAS,CAAC,aAAa,CAAC,CAAC,CAAC;IAC1F,CAAC;CACF",
    "entry-package-info": "entry|1.0.0"
  },
  "entry|entry|1.0.0|src/main/ets/views/Find.ts": {
    "version": 3,
    "file": "Find.ets",
    "sourceRoot": "",
    "sources": [
      "entry/src/main/ets/views/Find.ets"
    ],
    "names": [],
    "mappings": ";;;;IAOS,KAAK,GAAE,YAAY,EAAE;;cAPrB,YAAY,QAAQ,iBAAiB;;OAEvC,eAAe;AAItB,MAAM,CAAC,OAAO,OAAQ,IAAI;IAF1B;;;;;oDAGiC;YAC7B;gBACE,GAAG,EAAE,wEAAwE;gBAC7E,IAAI,EAAE,SAAS;gBACf,MAAM,EAAE,OAAO;gBACf,GAAG,EAAE,wEAAwE;gBAC7E,EAAE,EAAE,MAAM;aACX;YACD;gBACE,GAAG,EAAE,wEAAwE;gBAC7E,IAAI,EAAE,GAAG;gBACT,MAAM,EAAE,IAAI;gBACZ,GAAG,EAAE,wEAAwE;gBAC7E,EAAE,EAAE,MAAM;aACX;YACD;gBACE,GAAG,EAAE,wEAAwE;gBAC7E,IAAI,EAAE,cAAc;gBACpB,MAAM,EAAE,wBAAwB;gBAChC,GAAG,EAAE,wEAAwE;gBAC7E,EAAE,EAAE,MAAM;aACX;YACD;gBACE,GAAG,EAAE,wEAAwE;gBAC7E,IAAI,EAAE,MAAM;gBACZ,MAAM,EAAE,MAAM;gBACd,GAAG,EAAE,wEAAwE;gBAC7E,EAAE,EAAE,MAAM;aACX;YACD;gBACE,GAAG,EAAE,wEAAwE;gBAC7E,IAAI,EAAE,IAAI;gBACV,MAAM,EAAE,IAAI;gBACZ,GAAG,EAAE,wEAAwE;gBAC7E,EAAE,EAAE,MAAM;aACX;YACD;gBACE,GAAG,EAAE,wEAAwE;gBAC7E,IAAI,EAAE,MAAM;gBACZ,MAAM,EAAE,KAAK;gBACb,GAAG,EAAE,wEAAwE;gBAC7E,EAAE,EAAE,MAAM;aACX;YACD;gBACE,GAAG,EAAE,wEAAwE;gBAC7E,IAAI,EAAE,MAAM;gBACZ,MAAM,EAAE,OAAO;gBACf,GAAG,EAAE,wEAAwE;gBAC7E,EAAE,EAAE,MAAM;aACX;YACD;gBACE,GAAG,EAAE,wEAAwE;gBAC7E,IAAI,EAAE,IAAI;gBACV,MAAM,EAAE,WAAW;gBACnB,GAAG,EAAE,wEAAwE;gBAC7E,EAAE,EAAE,MAAM;aACX;YAED;gBACE,GAAG,EAAE,wEAAwE;gBAC7E,IAAI,EAAE,cAAc;gBACpB,MAAM,EAAE,QAAQ;gBAChB,GAAG,EAAE,wEAAwE;gBAC7E,EAAE,EAAE,MAAM;aACX;YACD;gBACE,GAAG,EAAE,wEAAwE;gBAC7E,IAAI,EAAE,MAAM;gBACZ,MAAM,EAAE,KAAK;gBACb,GAAG,EAAE,wEAAwE;gBAC7E,EAAE,EAAE,MAAM;aACX;YACD;gBACE,GAAG,EAAE,yEAAyE;gBAC9E,IAAI,EAAE,MAAM;gBACZ,MAAM,EAAE,IAAI;gBACZ,GAAG,EAAE,yEAAyE;gBAC9E,EAAE,EAAE,MAAM;aACX;YACD;gBACE,GAAG,EAAE,yEAAyE;gBAC9E,IAAI,EAAE,IAAI;gBACV,MAAM,EAAE,KAAK;gBACb,GAAG,EAAE,yEAAyE;gBAC9E,EAAE,EAAE,MAAM;aACX;YACD;gBACE,GAAG,EAAE,yEAAyE;gBAC9E,IAAI,EAAE,MAAM;gBACZ,MAAM,EAAE,WAAW;gBACnB,GAAG,EAAE,yEAAyE;gBAC9E,EAAE,EAAE,MAAM;aACX;YACD;gBACE,GAAG,EAAE,yEAAyE;gBAC9E,IAAI,EAAE,OAAO;gBACb,MAAM,EAAE,KAAK;gBACb,GAAG,EAAE,yEAAyE;gBAC9E,EAAE,EAAE,MAAM;aACX;YACD;gBACE,GAAG,EAAE,yEAAyE;gBAC9E,IAAI,EAAE,qBAAqB;gBAC3B,MAAM,EAAE,OAAO;gBACf,GAAG,EAAE,yEAAyE;gBAC9E,EAAE,EAAE,MAAM;aACX;YACD;gBACE,GAAG,EAAE,yEAAyE;gBAC9E,IAAI,EAAE,MAAM;gBACZ,MAAM,EAAE,QAAQ;gBAChB,GAAG,EAAE,yEAAyE;gBAC9E,EAAE,EAAE,MAAM;aACX;SACF;;;KAvHmD;;;;;;;;;;;;;;;;IAKpD,0CAAc,YAAY,EAAE,EAkH3B;QAlHM,KAAK;;;QAAL,KAAK,WAAE,YAAY,EAAE;;;IAoH5B;;YACE,MAAM;;YAAN,MAAM,CAuDL,KAAK,CAAC,MAAM;YAvDb,MAAM,CAwDL,MAAM,CAAC,MAAM;YAxDd,MAAM,CAyDL,OAAO,CAAC,CAAC;;;YAxDR,IAAI,QAAC,MAAM;;YAAX,IAAI,CACD,SAAS,CAAC,MAAM;YADnB,IAAI,CAED,KAAK,CAAC,MAAM;YAFf,IAAI,CAGD,MAAM,CAAC,EAAE,GAAG,EAAE,EAAE,EAAE,MAAM,EAAE,EAAE,EAAE;;QAHjC,IAAI;;YAIJ,IAAI;;YAAJ,IAAI,CA8CH,KAAK,CAAC,MAAM;YA9Cb,IAAI,CA+CH,MAAM,CAAC,MAAM;YA/Cd,IAAI,CAgDH,YAAY,CAAC,CAAC;;;YA/Cb,OAAO;;;;;;;;4BACL,QAAQ;;;;;;;;;;;4BACN,GAAG,QAAC,EAAE,KAAK,EAAE,EAAE,EAAE;;4BAAjB,GAAG,CAgCF,KAAK,CAAC,MAAM;4BAhCb,GAAG,CAiCF,MAAM,CAAC,EAAE,MAAM,EAAE,EAAE,EAAE;4BAjCtB,GAAG,CAkCF,OAAO,CAAC,GAAG,EAAE;gCACZ,iBAAiB;gCACjB,MAAM,CAAC,OAAO,CAAC,EAAE,GAAG,EAAE,YAAY,EAAE,CAAC,CAAA;gCACrC,kBAAkB;gCAClB,eAAe,CAAC,QAAQ,CAAC,IAAI,CAAC,CAAA;4BAChC,CAAC;;;4BAtCC,KAAK,QAAC,IAAI,CAAC,GAAG;;4BAAd,KAAK,CACF,KAAK,CAAC,EAAE;4BADX,KAAK,CAEF,WAAW,CAAC,CAAC;4BAFhB,KAAK,CAGF,YAAY,CAAC,CAAC;;;4BACjB,MAAM,QAAC,EAAE,KAAK,EAAE,EAAE,EAAE;;4BAApB,MAAM,CAqBL,YAAY,CAAC,CAAC;;;4BApBb,IAAI,QAAC,IAAI,CAAC,IAAI;;4BAAd,IAAI,CACD,SAAS,CAAC,MAAM;4BADnB,IAAI,CAED,UAAU,CAAC,GAAG;4BAFjB,IAAI,CAGD,KAAK,CAAC,MAAM;;wBAHf,IAAI;;4BAIJ,GAAG,QAAC,EAAE,KAAK,EAAE,CAAC,EAAE;;4BAAhB,GAAG,CAcF,KAAK,CAAC,MAAM;;;4BAbX,IAAI,QAAC,KAAK;;4BAAV,IAAI,CACD,QAAQ,CAAC,EAAE;4BADd,IAAI,CAED,SAAS,CAAC,SAAS;4BAFtB,IAAI,CAGD,MAAM,CAAC,EAAE,KAAK,EAAE,CAAC,EAAE,KAAK,EAAE,SAAS,EAAE,MAAM,EAAE,EAAE,EAAE;4BAHpD,IAAI,CAID,OAAO,CAAC;gCACP,IAAI,EAAE,CAAC;gCACP,KAAK,EAAE,CAAC;gCACR,GAAG,EAAE,CAAC;gCACN,MAAM,EAAE,CAAC;6BACV;;wBATH,IAAI;;4BAUJ,IAAI,QAAC,IAAI,CAAC,MAAM;;4BAAhB,IAAI,CACD,SAAS,CAAC,SAAS;;wBADtB,IAAI;wBAXN,GAAG;wBALL,MAAM;;4BAuBN,KAAK;;4BAAL,KAAK,CACF,KAAK,CAAC,EAAE;4BADX,KAAK,CAEF,SAAS,CAAC,MAAM;;wBA9BrB,GAAG;wBADL,QAAQ;;;oBAAR,QAAQ;;;+CADF,IAAI,CAAC,KAAK;;QAAlB,OAAO;QADT,IAAI;QALN,MAAM;KA0DP",
    "entry-package-info": "entry|1.0.0"
  },
  "entry|entry|1.0.0|src/main/ets/utils/AvPlayerManager.ts": {
    "version": 3,
    "file": "AvPlayerManager.ets",
    "sourceRoot": "",
    "sources": [
      "entry/src/main/ets/utils/AvPlayerManager.ets"
    ],
    "names": [],
    "mappings": ";cAES,YAAY,QAAQ,iBAAiB;AAE9C,kCAAkC;AAClC,uBAAuB;AACvB,uBAAuB;AACvB,qBAAqB;AAErB,MAAM,eAAe;IACnB,QAAQ;IACR,MAAM,CAAC,MAAM,EAAE,KAAK,CAAC,QAAQ,GAAG,IAAI,GAAG,IAAI,CAAA;IAE3C,SAAS;IACT,MAAM,CAAC,KAAK,CAAC,IAAI;QACf,+BAA+B;QAC/B,8CAA8C;QAE9C,oBAAoB;QACpB,IAAI,CAAC,eAAe,CAAC,MAAM,EAAE;YAC3B,yBAAyB;YACzB,eAAe,CAAC,MAAM,GAAG,MAAM,KAAK,CAAC,cAAc,EAAE,CAAA;YAErD,YAAY;YACZ,eAAe,CAAC,MAAM,CAAC,EAAE,CAAC,aAAa,EAAE,CAAC,KAAK,EAAE,KAAK,CAAC,aAAa,EAAE,EAAE;gBACtE,IAAI,KAAK,KAAK,aAAa,EAAE;oBAC3B,sBAAsB;oBACtB,eAAe,CAAC,MAAM,EAAE,OAAO,EAAE,CAAA;iBAClC;qBAAM,IAAI,KAAK,KAAK,UAAU,EAAE;oBAC/B,kBAAkB;oBAClB,eAAe,CAAC,MAAM,EAAE,IAAI,EAAE,CAAA;iBAC/B;YACH,CAAC,CAAC,CAAA;SACH;IACH,CAAC;IAED,OAAO;IACP,MAAM,CAAC,QAAQ,CAAC,IAAI,EAAE,YAAY;QAChC,UAAU;QACV,mBAAmB;QACnB,eAAe,CAAC,MAAM,CAAC,CAAC,GAAG,GAAG,IAAI,CAAC,GAAG,CAAA;IACxC,CAAC;IAED,OAAO;IACP,MAAM,CAAC,KAAK;QACV,cAAc;QACd,eAAe,CAAC,MAAM,EAAE,KAAK,EAAE,CAAA;IACjC,CAAC;CACF;AAED,cAAc;AACd,eAAe,eAAe,CAAA",
    "entry-package-info": "entry|1.0.0"
  },
  "entry|entry|1.0.0|src/main/ets/models/music.ts": {
    "version": 3,
    "file": "music.ets",
    "sourceRoot": "",
    "sources": [
      "entry/src/main/ets/models/music.ets"
    ],
    "names": [],
    "mappings": "AAAA,8BAA8B;AAC9B,MAAM,WAAW,YAAY;IAC3B,GAAG,EAAE,MAAM,CAAA,CAAC,OAAO;IACnB,IAAI,EAAE,MAAM,CAAA,CAAC,OAAO;IACpB,MAAM,EAAE,MAAM,CAAA,CAAC,OAAO;IACtB,GAAG,EAAE,MAAM,CAAA,CAAC,OAAO;IACnB,EAAE,EAAE,MAAM,CAAA,CAAC,OAAO;CACnB;AAED,8CAA8C;AAC9C,MAAM,OAAO,iBAAkB,YAAW,YAAY;IACpD,GAAG,EAAE,MAAM,GAAG,EAAE,CAAA;IAChB,IAAI,EAAE,MAAM,GAAG,EAAE,CAAA;IACjB,MAAM,EAAE,MAAM,GAAG,EAAE,CAAA;IACnB,GAAG,EAAE,MAAM,GAAG,EAAE,CAAA;IAChB,EAAE,EAAE,MAAM,GAAG,EAAE,CAAA;IAEf,YAAY,KAAK,EAAE,YAAY;QAC7B,IAAI,CAAC,GAAG,GAAG,KAAK,CAAC,GAAG,CAAA;QACpB,IAAI,CAAC,IAAI,GAAG,KAAK,CAAC,IAAI,CAAA;QACtB,IAAI,CAAC,MAAM,GAAG,KAAK,CAAC,MAAM,CAAA;QAC1B,IAAI,CAAC,GAAG,GAAG,KAAK,CAAC,GAAG,CAAA;QACpB,IAAI,CAAC,EAAE,GAAG,KAAK,CAAC,EAAE,CAAA;IACpB,CAAC;CACF",
    "entry-package-info": "entry|1.0.0"
  },
  "entry|entry|1.0.0|src/main/ets/pages/Demo.ts": {
    "version": 3,
    "file": "Demo.ets",
    "sourceRoot": "",
    "sources": [
      "entry/src/main/ets/pages/Demo.ets"
    ],
    "names": [],
    "mappings": ";;;;IAGS,OAAO,GAAE,MAAM;;MADjB,IAAI;IAFX;;;;;sDAG2B,aAAa;;;KAHxC;;;;;;;;;;;;;;;;IAGE,4CAAgB,MAAM,EAAiB;QAAhC,OAAO;;;QAAP,OAAO,WAAE,MAAM;;;IAEtB;;YACE,MAAM;YACN,8BAA8B;YAC9B,MAAM,QAAC,EAAE,KAAK,EAAE,EAAE,EAAE;;YAFpB,MAAM;YACN,8BAA8B;YAC9B,MAAM,CAoBL,MAAM,CAAC,MAAM;YAtBd,MAAM;YACN,8BAA8B;YAC9B,MAAM,CAqBL,KAAK,CAAC,MAAM;;;YApBX,OAAO;YACP,KAAK;;YADL,OAAO;YACP,KAAK,CACF,MAAM,CAAC,GAAG;YAFb,OAAO;YACP,KAAK,CAEF,MAAM,CAAC,EAAE,GAAG,EAAE,EAAE,EAAE;;;YACrB,OAAO;YACP,IAAI,QAAC,MAAM;;YADX,OAAO;YACP,IAAI,CACD,UAAU,CAAC,GAAG;YAFjB,OAAO;YACP,IAAI,CAED,QAAQ,CAAC,EAAE;;QAHd,OAAO;QACP,IAAI;;YAGJ,IAAI,QAAC,OAAO;;YAAZ,IAAI,CACD,QAAQ,CAAC,EAAE;YADd,IAAI,CAED,SAAS,CAAC,MAAM;;QAFnB,IAAI;;YAGJ,IAAI,QAAC,sHAAsH;;YAA3H,IAAI,CACD,SAAS,CAAC,MAAM;YADnB,IAAI,CAED,QAAQ,CAAC,EAAE;YAFd,IAAI,CAGD,UAAU,CAAC,EAAE;YAHhB,IAAI,CAMD,OAAO,CAAC,EAAE,IAAI,EAAE,EAAE,EAAE,KAAK,EAAE,EAAE,EAAE;;QANlC,IAAI;QAdN,MAAM;QACN,8BAA8B;QAC9B,MAAM;KAsBP",
    "entry-package-info": "entry|1.0.0"
  },
  "entry|entry|1.0.0|src/main/ets/pages/Home.ts": {
    "version": 3,
    "file": "Home.ets",
    "sourceRoot": "",
    "sources": [
      "entry/src/main/ets/pages/Home.ets"
    ],
    "names": [],
    "mappings": ";;;;IAOS,OAAO,GAAE,MAAM;;MAFjB,IAAI;IAJX;;;;;sDAM2B,cAAc;QAEvC,6BAA6B;;;;KAT/B;;;;;;;;;;;;;;;;IAME,WAAW;IACX,4CAAgB,MAAM,EAAiB;QAAhC,OAAO;;;QAAP,OAAO,WAAE,MAAM;;;IAEtB,6BAA6B;IAC7B;;YACE,cAAc;YACd,2BAA2B;YAC3B,MAAM;;YAFN,cAAc;YACd,2BAA2B;YAC3B,MAAM,CA8BL,MAAM,CAAC,MAAM;YAhCd,cAAc;YACd,2BAA2B;YAC3B,MAAM,CA+BL,KAAK,CAAC,MAAM;;;YA9BX,wBAAwB;YACxB,GAAG;;;;YACD,mCAAmC;YACnC,IAAI,QAAC,SAAS;;;QADd,mCAAmC;QACnC,IAAI;;YACJ,IAAI,QAAC,SAAS;;;QAAd,IAAI;;YACJ,IAAI,QAAC,SAAS;;;QAAd,IAAI;QALN,wBAAwB;QACxB,GAAG;;YAOH,IAAI,QAAC,UAAU;;;QAAf,IAAI;;YACJ,IAAI,QAAC,UAAU;;;QAAf,IAAI;;YACJ,IAAI,QAAC,UAAU;;YAAf,IAAI,CACD,SAAS,CAAC,KAAK,CAAC,IAAI;YADvB,IAAI,CAED,QAAQ,CAAC,EAAE;YAFd,IAAI,CAGD,UAAU,CAAC,GAAG;;QAHjB,IAAI;;YAIJ,GAAG;;YAAH,GAAG,CAIF,KAAK,CAAC,GAAG;YAJV,GAAG,CAKF,MAAM,CAAC,GAAG;YALX,GAAG,CAMF,eAAe,CAAC,WAAW;;QAN5B,GAAG;;YAQH,OAAO;YACP,oDAAoD;YACpD,gCAAgC;YAChC,KAAK;;YAHL,OAAO;YACP,oDAAoD;YACpD,gCAAgC;YAChC,KAAK,CACF,KAAK,CAAC,GAAG;YAJZ,OAAO;YACP,oDAAoD;YACpD,gCAAgC;YAChC,KAAK,CAEF,eAAe,CAAC,MAAM;;QA9B3B,cAAc;QACd,2BAA2B;QAC3B,MAAM;KAgCP",
    "entry-package-info": "entry|1.0.0"
  },
  "entry|entry|1.0.0|src/main/ets/pages/Index.ts": {
    "version": 3,
    "file": "Index.ets",
    "sourceRoot": "",
    "sources": [
      "entry/src/main/ets/pages/Index.ets"
    ],
    "names": [],
    "mappings": ";;;;IAcE,yCAAyC;IACzC,+CAA+C;IAC/C,mBAAmB;IACnB,OAAO,GAAE,QAAQ,EAAE;IAOZ,QAAQ,GAAE,MAAM;;OAxBlB,IAAI;OACJ,IAAI;OACJ,MAAM;OACN,SAAS;AAEhB,UAAU,QAAQ;IAChB,IAAI,EAAE,QAAQ,CAAA,CAAC,qBAAqB;IACpC,IAAI,EAAE,MAAM,CAAA,CAAC,KAAK;IAClB,IAAI,EAAE,MAAM,CAAA,CAAC,UAAU;CACxB;MAIM,KAAK;IAFZ;;;;;uBAMwB;YACpB,EAAE,IAAI,4GAA8B,EAAE,IAAI,EAAE,IAAI,EAAE,IAAI,EAAE,WAAW,EAAE;YACrE,EAAE,IAAI,4GAAyB,EAAE,IAAI,EAAE,IAAI,EAAE,IAAI,EAAE,MAAM,EAAE;YAC3D,EAAE,IAAI,4GAA2B,EAAE,IAAI,EAAE,IAAI,EAAE,IAAI,EAAE,QAAQ,EAAE;YAC/D,EAAE,IAAI,4GAAyB,EAAE,IAAI,EAAE,IAAI,EAAE,IAAI,EAAE,MAAM,EAAE;SAC5D;uDAEyB,WAAW;QAErC,sCAAsC;;;;KAjBvC;;;;;;;;;;;;;;;;;;;IAKC,yCAAyC;IACzC,+CAA+C;IAC/C,mBAAmB;IACnB,iBAAS,QAAQ,EAAE,CAKlB;IACD,4BAA4B;IAC5B,6CAAiB,MAAM,EAAc;QAA9B,QAAQ;;;QAAR,QAAQ,WAAE,MAAM;;;IAEvB,sCAAsC;IAEtC,aAAa,CAAC,IAAI,EAAE,QAAQ;;YAC1B,MAAM,QAAC,EAAE,KAAK,EAAE,CAAC,EAAE;;;;YACjB,KAAK,QAAC,IAAI,CAAC,IAAI;;YAAf,KAAK,CACF,MAAM,CAAC,EAAE;YADZ,KAAK,CAEF,SAAS,CAAC,IAAI,CAAC,QAAQ,KAAK,IAAI,CAAC,IAAI,CAAC,CAAC,CAAC,SAAS,CAAC,CAAC,CAAC,SAAS;;;YAChE,IAAI,QAAC,IAAI,CAAC,IAAI;;YAAd,IAAI,CACD,QAAQ,CAAC,EAAE;YADd,IAAI,CAED,SAAS,CAAC,IAAI,CAAC,QAAQ,KAAK,IAAI,CAAC,IAAI,CAAC,CAAC,CAAC,SAAS,CAAC,CAAC,CAAC,SAAS;;QAFhE,IAAI;QAJN,MAAM;KAQP;IAED,QAAQ;IACR;;YACE,iCAAiC;YACjC,IAAI,QAAC,EAAE,WAAW,EAAE,WAAW,CAAC,GAAG,EAAE;;YADrC,iCAAiC;YACjC,IAAI,CAmCH,eAAe,CAAC,SAAS;YApC1B,iCAAiC;YACjC,IAAI,CAqCH,QAAQ,CAAC,CAAC,KAAK,EAAE,MAAM,EAAE,EAAE;gBAC1B,iDAAiD;gBACjD,8BAA8B;gBAC9B,iBAAiB;gBACjB,kDAAkD;gBAClD,0DAA0D;gBAC1D,8EAA8E;gBAC9E,sBAAsB;gBACtB,IAAI,CAAC,QAAQ,GAAG,IAAI,CAAC,OAAO,CAAC,KAAK,CAAC,CAAC,IAAI,CAAA;YAC1C,CAAC;;;YA7CC,wBAAwB;YACxB,iBAAiB;YACjB,qBAAqB;YACrB,iBAAiB;YACjB,IAAI;YACJ,2BAA2B;YAC3B,EAAE;YACF,iBAAiB;YACjB,iBAAiB;YACjB,IAAI;YACJ,gBAAgB;YAEhB,eAAe;YACf,OAAO;;;;;;;4BAGH,WAAW;4BACX,yBAAyB;4BACzB,UAAU;4BACV,IAAI,IAAI,CAAC,IAAI,KAAK,WAAW,EAAE;;;;;wEAC7B,SAAS;;;;;;;;;;;;;6BACV;iCAAM,IAAI,IAAI,CAAC,IAAI,KAAK,MAAM,EAAE;;;;;wEAC/B,IAAI;;;;;;;;;;;;;6BACL;iCAAM,IAAI,IAAI,CAAC,IAAI,KAAK,QAAQ,EAAE;;;;;wEACjC,MAAM;;;;;;;;;;;;;6BACP;iCAAM,IAAI,IAAI,CAAC,IAAI,KAAK,MAAM,EAAE;;;;;wEAC/B,IAAI;;;;;;;;;;;;;6BACL;;;;6BAAA;;;;+BAEF,OAAO,CAAC,EAAE,GAAG,EAAE,EAAE,EAAE;+BACnB,eAAe,CAAC,SAAS;+BACzB,MAAM;4BAAC,IAAI,CAAC,aAAa,YAAC,IAAI;;;;;;+CAlBzB,IAAI,CAAC,OAAO;;QAbpB,wBAAwB;QACxB,iBAAiB;QACjB,qBAAqB;QACrB,iBAAiB;QACjB,IAAI;QACJ,2BAA2B;QAC3B,EAAE;QACF,iBAAiB;QACjB,iBAAiB;QACjB,IAAI;QACJ,gBAAgB;QAEhB,eAAe;QACf,OAAO;QAfT,iCAAiC;QACjC,IAAI;KA+CL",
    "entry-package-info": "entry|1.0.0"
  },
  "entry|entry|1.0.0|src/main/ets/pages/Play.ts": {
    "version": 3,
    "file": "Play.ets",
    "sourceRoot": "",
    "sources": [
      "entry/src/main/ets/pages/Play.ets"
    ],
    "names": [],
    "mappings": ";;;;IAMS,WAAW,GAAE,MAAM;IAC1B,KAAK,GAAE,YAAY,EAAE;IAqHrB,SAAS,GAAE,YAAY;;cA5HhB,YAAY,QAAQ,iBAAiB;OACvC,eAAe;MAIf,IAAI;IAFX;;;;;0DAG+B,IAAI;qBACT;YACtB;gBACE,GAAG,EAAE,wEAAwE;gBAC7E,IAAI,EAAE,SAAS;gBACf,MAAM,EAAE,OAAO;gBACf,GAAG,EAAE,wEAAwE;gBAC7E,EAAE,EAAE,MAAM;aACX;YACD;gBACE,GAAG,EAAE,wEAAwE;gBAC7E,IAAI,EAAE,GAAG;gBACT,MAAM,EAAE,IAAI;gBACZ,GAAG,EAAE,wEAAwE;gBAC7E,EAAE,EAAE,MAAM;aACX;YACD;gBACE,GAAG,EAAE,wEAAwE;gBAC7E,IAAI,EAAE,cAAc;gBACpB,MAAM,EAAE,wBAAwB;gBAChC,GAAG,EAAE,wEAAwE;gBAC7E,EAAE,EAAE,MAAM;aACX;YACD;gBACE,GAAG,EAAE,wEAAwE;gBAC7E,IAAI,EAAE,MAAM;gBACZ,MAAM,EAAE,MAAM;gBACd,GAAG,EAAE,wEAAwE;gBAC7E,EAAE,EAAE,MAAM;aACX;YACD;gBACE,GAAG,EAAE,wEAAwE;gBAC7E,IAAI,EAAE,IAAI;gBACV,MAAM,EAAE,IAAI;gBACZ,GAAG,EAAE,wEAAwE;gBAC7E,EAAE,EAAE,MAAM;aACX;YACD;gBACE,GAAG,EAAE,wEAAwE;gBAC7E,IAAI,EAAE,MAAM;gBACZ,MAAM,EAAE,KAAK;gBACb,GAAG,EAAE,wEAAwE;gBAC7E,EAAE,EAAE,MAAM;aACX;YACD;gBACE,GAAG,EAAE,wEAAwE;gBAC7E,IAAI,EAAE,MAAM;gBACZ,MAAM,EAAE,OAAO;gBACf,GAAG,EAAE,wEAAwE;gBAC7E,EAAE,EAAE,MAAM;aACX;YACD;gBACE,GAAG,EAAE,wEAAwE;gBAC7E,IAAI,EAAE,IAAI;gBACV,MAAM,EAAE,WAAW;gBACnB,GAAG,EAAE,wEAAwE;gBAC7E,EAAE,EAAE,MAAM;aACX;YAED;gBACE,GAAG,EAAE,wEAAwE;gBAC7E,IAAI,EAAE,cAAc;gBACpB,MAAM,EAAE,QAAQ;gBAChB,GAAG,EAAE,wEAAwE;gBAC7E,EAAE,EAAE,MAAM;aACX;YACD;gBACE,GAAG,EAAE,wEAAwE;gBAC7E,IAAI,EAAE,MAAM;gBACZ,MAAM,EAAE,KAAK;gBACb,GAAG,EAAE,wEAAwE;gBAC7E,EAAE,EAAE,MAAM;aACX;YACD;gBACE,GAAG,EAAE,yEAAyE;gBAC9E,IAAI,EAAE,MAAM;gBACZ,MAAM,EAAE,IAAI;gBACZ,GAAG,EAAE,yEAAyE;gBAC9E,EAAE,EAAE,MAAM;aACX;YACD;gBACE,GAAG,EAAE,yEAAyE;gBAC9E,IAAI,EAAE,IAAI;gBACV,MAAM,EAAE,KAAK;gBACb,GAAG,EAAE,yEAAyE;gBAC9E,EAAE,EAAE,MAAM;aACX;YACD;gBACE,GAAG,EAAE,yEAAyE;gBAC9E,IAAI,EAAE,MAAM;gBACZ,MAAM,EAAE,WAAW;gBACnB,GAAG,EAAE,yEAAyE;gBAC9E,EAAE,EAAE,MAAM;aACX;YACD;gBACE,GAAG,EAAE,yEAAyE;gBAC9E,IAAI,EAAE,OAAO;gBACb,MAAM,EAAE,KAAK;gBACb,GAAG,EAAE,yEAAyE;gBAC9E,EAAE,EAAE,MAAM;aACX;YACD;gBACE,GAAG,EAAE,yEAAyE;gBAC9E,IAAI,EAAE,qBAAqB;gBAC3B,MAAM,EAAE,OAAO;gBACf,GAAG,EAAE,yEAAyE;gBAC9E,EAAE,EAAE,MAAM;aACX;YACD;gBACE,GAAG,EAAE,yEAAyE;gBAC9E,IAAI,EAAE,MAAM;gBACZ,MAAM,EAAE,QAAQ;gBAChB,GAAG,EAAE,yEAAyE;gBAC9E,EAAE,EAAE,MAAM;aACX;SACF;wDAGyB,IAAI,CAAC,KAAK,CAAC,CAAC,CAAC;;;KA3Ha;;;;;;;;;;;;;;;;;;;;;;;;IAKpD,gDAAoB,MAAM,EAAO;QAA1B,WAAW;;;QAAX,WAAW,WAAE,MAAM;;;IAC1B,eAAO,YAAY,EAAE,CAkHpB;IACD,UAAU;IACV,8CACW,YAAY,EAAgB;QAAvC,SAAS;;;QAAT,SAAS,WAAE,YAAY;;;IAGvB,YAAY,CAAC,KAAK,EAAE,MAAM;;YACxB,MAAM,iBAAC,IAAI;;YAAX,MAAM,CACH,eAAe,CAAC,SAAS;YAD5B,MAAM,CAEH,SAAS,CAAC,MAAM;YAFnB,MAAM,CAGH,KAAK,CAAC,EAAE;YAHX,MAAM,CAIH,MAAM,CAAC,MAAM;YAJhB,MAAM,CAKH,IAAI,CAAC,UAAU,CAAC,MAAM;;QALzB,MAAM;KAOP;IAED,WAAW,CAAC,MAAM,EAAE,MAAM;QACxB,2BAA2B;QAC3B,IAAI,MAAM,IAAI,EAAE,GAAG,IAAI,EAAE;YACvB,MAAM,CAAC,GAAG,IAAI,CAAC,IAAI,CAAC,MAAM,GAAG,IAAI,GAAG,EAAE,CAAC,CAAA;YACvC,MAAM,CAAC,GAAG,IAAI,CAAC,KAAK,CAAC,MAAM,GAAG,IAAI,GAAG,EAAE,CAAC,CAAA;YACxC,MAAM,MAAM,GAAG,CAAC,CAAC,QAAQ,EAAE;iBACxB,QAAQ,CAAC,CAAC,EAAE,GAAG,CAAC,CAAA;YACnB,MAAM,MAAM,GAAG,CAAC,CAAC,QAAQ,EAAE;iBACxB,QAAQ,CAAC,CAAC,EAAE,GAAG,CAAC,CAAA;YACnB,OAAO,MAAM,GAAG,GAAG,GAAG,MAAM,CAAA;SAC7B;aAAM;YACL,MAAM,CAAC,GAAG,IAAI,CAAC,IAAI,CAAC,MAAM,GAAG,IAAI,GAAG,EAAE,CAAC,CAAA;YACvC,MAAM,MAAM,GAAG,CAAC,CAAC,QAAQ,EAAE;iBACxB,QAAQ,CAAC,CAAC,EAAE,GAAG,CAAC,CAAA;YACnB,OAAO,KAAK,GAAG,MAAM,CAAA;SACtB;IACH,CAAC;IAED;;YACE,KAAK,QAAC,EAAE,YAAY,EAAE,SAAS,CAAC,MAAM,EAAE;;YAAxC,KAAK,CA2SJ,KAAK,CAAC,MAAM;YA3Sb,KAAK,CA4SJ,MAAM,CAAC,MAAM;YA5Sd,KAAK,CA6SJ,eAAe,CAAC,KAAK,CAAC,WAAW;;;YA5ShC,KAAK;YACL,KAAK;;YADL,KAAK;YACL,KAAK,CAyLJ,KAAK,CAAC,MAAM;YA1Lb,KAAK;YACL,KAAK,CA0LJ,MAAM,CAAC,MAAM;YA3Ld,KAAK;YACL,KAAK,CA2LJ,eAAe,CAAC,KAAK,CAAC,WAAW;;;YA1LhC,OAAO;YACP,KAAK,QAAC,IAAI,CAAC,SAAS,CAAC,GAAG;;YADxB,OAAO;YACP,KAAK,CACF,KAAK,CAAC,MAAM;YAFf,OAAO;YACP,KAAK,CAEF,MAAM,CAAC,MAAM;YAHhB,OAAO;YACP,KAAK,CAGF,IAAI,CAAC,IAAI;;;YACZ,KAAK;YACL,MAAM;;;;YACJ,YAAY;YACZ,MAAM;;YADN,YAAY;YACZ,MAAM,CA4KL,YAAY,CAAC,CAAC;YA7Kf,YAAY;YACZ,MAAM,CA6KL,KAAK,CAAC,MAAM;;;YA5KX,KAAK;YACL,KAAK,QAAC,EAAE,YAAY,EAAE,SAAS,CAAC,GAAG,EAAE;;;;YACnC,GAAG;;YAAH,GAAG,CAcF,MAAM,CAAC;gBACN,GAAG,EAAE,EAAE;aACR;YAhBD,GAAG,CAiBF,KAAK,CAAC,KAAK;YAjBZ,GAAG,CAkBF,WAAW,CAAC,CAAC;YAlBd,GAAG,CAmBF,cAAc,CAAC,SAAS,CAAC,MAAM;YAnBhC,GAAG,CAoBF,OAAO,CAAC,EAAE;;;YAnBT,GAAG;;YAAH,GAAG,CAKF,eAAe;YALhB,GAAG,CAMF,mBAAmB,CAAC,SAAS,CAAC,KAAK;YANpC,GAAG,CAOF,cAAc,CAAC,SAAS,CAAC,MAAM;YAPhC,GAAG,CAQF,KAAK,CAAC,MAAM;YARb,GAAG,CASF,YAAY,CAAC,GAAG;YATjB,GAAG,CAUF,IAAI,CAAC,IAAI;YAVV,GAAG,CAWF,WAAW,CAAC,CAAC;;;YAVZ,KAAK,QAAC,IAAI,CAAC,SAAS,CAAC,GAAG;;YAAxB,KAAK,CACF,KAAK,CAAC,KAAK;YADd,KAAK,CAEF,YAAY,CAAC,GAAG;;QAHrB,GAAG;QADL,GAAG;;YAsBH,KAAK;YACL,KAAK;;oBAQF,SAAS,CAAC;gBACT,QAAQ,EAAE,GAAG;aACd;YAXH,KAAK;YACL,KAAK,CACF,KAAK,CAAC,GAAG;YAFZ,KAAK;YACL,KAAK,CAEF,WAAW,CAAC,CAAC;YAHhB,KAAK;YACL,KAAK,CAGF,MAAM,CAAC;gBACN,KAAK,EAAE,CAAC,EAAE;gBACV,OAAO,EAAE,GAAG;gBACZ,OAAO,EAAE,EAAE;aACZ;oBACA,SAAS;;QAjCd,KAAK;QACL,KAAK;;YAqCL,OAAO;YACP,KAAK;;YADL,OAAO;YACP,KAAK,CA2CJ,YAAY,CAAC,CAAC;;;YA1Cb,MAAM;YACN,MAAM,QAAC,EAAE,KAAK,EAAE,CAAC,EAAE;;YADnB,MAAM;YACN,MAAM,CASL,YAAY,CAAC,CAAC;YAVf,MAAM;YACN,MAAM,CAUL,cAAc,CAAC,SAAS,CAAC,MAAM;YAXhC,MAAM;YACN,MAAM,CAWL,MAAM,CAAC,CAAC;;;YAVP,IAAI,QAAC,IAAI,CAAC,SAAS,CAAC,IAAI;;YAAxB,IAAI,CACD,QAAQ,CAAC,EAAE;YADd,IAAI,CAED,UAAU,CAAC,UAAU,CAAC,IAAI;YAF7B,IAAI,CAGD,SAAS,CAAC,SAAS;;QAHtB,IAAI;;YAIJ,IAAI,QAAC,IAAI,CAAC,SAAS,CAAC,MAAM;;YAA1B,IAAI,CACD,QAAQ,CAAC,EAAE;YADd,IAAI,CAED,SAAS,CAAC,SAAS;;QAFtB,IAAI;QANN,MAAM;QACN,MAAM;;YAaN,MAAM;YACN,MAAM,QAAC,EAAE,KAAK,EAAE,CAAC,EAAE;;YADnB,MAAM;YACN,MAAM,CASL,YAAY,CAAC,CAAC;YAVf,MAAM;YACN,MAAM,CAUL,cAAc,CAAC,SAAS,CAAC,MAAM;YAXhC,MAAM;YACN,MAAM,CAWL,MAAM,CAAC,CAAC;;;YAVP,IAAI,QAAC,IAAI,CAAC,SAAS,CAAC,IAAI;;YAAxB,IAAI,CACD,QAAQ,CAAC,EAAE;YADd,IAAI,CAED,UAAU,CAAC,UAAU,CAAC,IAAI;YAF7B,IAAI,CAGD,SAAS,CAAC,SAAS;;QAHtB,IAAI;;YAIJ,IAAI,QAAC,IAAI,CAAC,SAAS,CAAC,MAAM;;YAA1B,IAAI,CACD,QAAQ,CAAC,EAAE;YADd,IAAI,CAED,SAAS,CAAC,SAAS;;QAFtB,IAAI;QANN,MAAM;QACN,MAAM;;YAaN,MAAM;YACN,MAAM,QAAC,EAAE,KAAK,EAAE,CAAC,EAAE;;YADnB,MAAM;YACN,MAAM,CASL,YAAY,CAAC,CAAC;YAVf,MAAM;YACN,MAAM,CAUL,cAAc,CAAC,SAAS,CAAC,MAAM;YAXhC,MAAM;YACN,MAAM,CAWL,MAAM,CAAC,CAAC;;;YAVP,IAAI,QAAC,IAAI,CAAC,SAAS,CAAC,IAAI;;YAAxB,IAAI,CACD,QAAQ,CAAC,EAAE;YADd,IAAI,CAED,UAAU,CAAC,UAAU,CAAC,IAAI;YAF7B,IAAI,CAGD,SAAS,CAAC,KAAK,CAAC,KAAK;;QAHxB,IAAI;;YAIJ,IAAI,QAAC,IAAI,CAAC,SAAS,CAAC,MAAM;;YAA1B,IAAI,CACD,QAAQ,CAAC,EAAE;YADd,IAAI,CAED,SAAS,CAAC,KAAK,CAAC,KAAK;;QAFxB,IAAI;QANN,MAAM;QACN,MAAM;QA/BR,OAAO;QACP,KAAK;;YA6CL,KAAK;YACL,GAAG;;YADH,KAAK;YACL,GAAG,CAyBF,KAAK,CAAC,MAAM;YA1Bb,KAAK;YACL,GAAG,CA0BF,cAAc,CAAC,SAAS,CAAC,WAAW;;;YAzBnC,KAAK,QAAC,EAAE,KAAK,EAAE,KAAK,EAAE,KAAK,EAAE,EAAE,SAAS,EAAE,EAAE,EAAE,UAAU,EAAE,WAAW,EAAE,WAAW,EAAE,CAAC,EAAE,EAAE;;;;YACvF,KAAK;;YAAL,KAAK,CACF,SAAS,CAAC,KAAK,CAAC,KAAK;YADxB,KAAK,CAEF,KAAK,CAAC,EAAE;;QAHb,KAAK;;YAML,KAAK,QAAC,EAAE,KAAK,EAAE,KAAK,EAAE,KAAK,EAAE,EAAE,SAAS,EAAE,EAAE,EAAE,UAAU,EAAE,WAAW,EAAE,WAAW,EAAE,CAAC,EAAE,EAAE;;;;YACvF,KAAK;;YAAL,KAAK,CACF,SAAS,CAAC,KAAK,CAAC,KAAK;YADxB,KAAK,CAEF,KAAK,CAAC,EAAE;;QAHb,KAAK;;YAML,KAAK,QAAC,EAAE,KAAK,EAAE,KAAK,EAAE,KAAK,EAAE,EAAE,SAAS,EAAE,EAAE,EAAE,UAAU,EAAE,WAAW,EAAE,WAAW,EAAE,CAAC,EAAE,EAAE;;;;YACvF,KAAK;;YAAL,KAAK,CACF,SAAS,CAAC,KAAK,CAAC,KAAK;YADxB,KAAK,CAEF,KAAK,CAAC,EAAE;;QAHb,KAAK;;YAML,KAAK,QAAC,EAAE,KAAK,EAAE,KAAK,EAAE,KAAK,EAAE,EAAE,SAAS,EAAE,EAAE,EAAE,UAAU,EAAE,WAAW,EAAE,WAAW,EAAE,CAAC,EAAE,EAAE;;;;YACvF,KAAK;;YAAL,KAAK,CACF,SAAS,CAAC,KAAK,CAAC,KAAK;YADxB,KAAK,CAEF,KAAK,CAAC,EAAE;;QAHb,KAAK;QApBP,KAAK;QACL,GAAG;;YA4BH,KAAK;YACL,MAAM;;YADN,KAAK;YACL,MAAM,CAuDL,KAAK,CAAC,MAAM;;;YAtDX,MAAM;YACN,GAAG,QAAC,EAAE,KAAK,EAAE,CAAC,EAAE;;YADhB,MAAM;YACN,GAAG,CAkBF,KAAK,CAAC,MAAM;YAnBb,MAAM;YACN,GAAG,CAmBF,OAAO,CAAC,EAAE;;;YAlBT,IAAI,QAAC,OAAO;;YAAZ,IAAI,CACD,QAAQ,CAAC,EAAE;YADd,IAAI,CAED,SAAS,CAAC,KAAK,CAAC,KAAK;;QAFxB,IAAI;;YAGJ,MAAM,QAAC;gBACL,KAAK,EAAE,CAAC;gBACR,GAAG,EAAE,CAAC;gBACN,GAAG,EAAE,CAAC;aACP;;YAJD,MAAM,CAKH,YAAY,CAAC,CAAC;YALjB,MAAM,CAMH,UAAU,CAAC,KAAK,CAAC,KAAK;YANzB,MAAM,CAOH,aAAa,CAAC,KAAK,CAAC,KAAK;YAP5B,MAAM,CAQH,UAAU,CAAC,WAAW;YARzB,MAAM,CASH,cAAc,CAAC,CAAC;;;YACnB,IAAI,QAAC,OAAO;;YAAZ,IAAI,CACD,QAAQ,CAAC,EAAE;YADd,IAAI,CAED,SAAS,CAAC,KAAK,CAAC,KAAK;;QAFxB,IAAI;QAfN,MAAM;QACN,GAAG;;YAqBH,KAAK;YACL,GAAG;;YADH,KAAK;YACL,GAAG,CAyBF,KAAK,CAAC,MAAM;YA1Bb,KAAK;YACL,GAAG,CA0BF,OAAO,CAAC;gBACP,MAAM,EAAE,EAAE;aACX;YA7BD,KAAK;YACL,GAAG,CA6BF,cAAc,CAAC,SAAS,CAAC,WAAW;;;YA5BnC,KAAK;;YAAL,KAAK,CACF,SAAS,CAAC,KAAK,CAAC,KAAK;YADxB,KAAK,CAEF,KAAK,CAAC,EAAE;;;YAEX,KAAK;;YAAL,KAAK,CACF,SAAS,CAAC,KAAK,CAAC,KAAK;YADxB,KAAK,CAEF,KAAK,CAAC,EAAE;;;YAEX,OAAO;YACP,KAAK;;YADL,OAAO;YACP,KAAK,CACF,SAAS,CAAC,KAAK,CAAC,KAAK;YAFxB,OAAO;YACP,KAAK,CAEF,KAAK,CAAC,EAAE;YAHX,OAAO;YACP,KAAK,CAGF,OAAO,CAAC,GAAG,EAAE;gBACZ,eAAe,CAAC,KAAK,EAAE,CAAA;YACzB,CAAC;;;YACH,MAAM;YACN,KAAK;;YADL,MAAM;YACN,KAAK,CACF,SAAS,CAAC,KAAK,CAAC,KAAK;YAFxB,MAAM;YACN,KAAK,CAEF,KAAK,CAAC,EAAE;;;YACX,OAAO;YACP,KAAK;;YADL,OAAO;YACP,KAAK,CACF,SAAS,CAAC,KAAK,CAAC,KAAK;YAFxB,OAAO;YACP,KAAK,CAEF,KAAK,CAAC,EAAE;;QAxBb,KAAK;QACL,GAAG;QAzBL,KAAK;QACL,MAAM;QApHR,YAAY;QACZ,MAAM;QAHR,KAAK;QACL,MAAM;QARR,KAAK;QACL,KAAK;;YA6LL,KAAK;YACL,MAAM;;oBAsGL,SAAS,CAAC;gBACT,QAAQ,EAAE,GAAG;aACd;YAzGD,KAAK;YACL,MAAM,CAqGL,MAAM,CAAC,IAAI,CAAC,WAAW;oBACvB,SAAS;;;YArGR,MAAM;;YAAN,MAAM,CAGL,KAAK,CAAC,MAAM;YAHb,MAAM,CAIL,YAAY,CAAC,CAAC;YAJf,MAAM,CAKL,OAAO,CAAC,GAAG,EAAE;gBACZ,IAAI,CAAC,WAAW,GAAG,IAAI,CAAA;YACzB,CAAC;;QAPD,MAAM;;YASN,MAAM;;YAAN,MAAM,CAyFL,MAAM,CAAC,GAAG;;;YAxFT,GAAG;;YAAH,GAAG,CA0BF,KAAK,CAAC,MAAM;YA1Bb,GAAG,CA2BF,eAAe,CAAC,WAAW;YA3B5B,GAAG,CA4BF,OAAO,CAAC,CAAC;YA5BV,GAAG,CA6BF,MAAM,CAAC;gBACN,KAAK,EAAE,EAAE,MAAM,EAAE,CAAC,EAAE;gBACpB,KAAK,EAAE,WAAW;aACnB;YAhCD,GAAG,CAiCF,YAAY,CAAC;gBACZ,OAAO,EAAE,CAAC;gBACV,QAAQ,EAAE,CAAC;aACZ;;;YAnCC,GAAG;;YAAH,GAAG,CAKF,KAAK,CAAC,EAAE;YALT,GAAG,CAMF,WAAW,CAAC,CAAC;YANd,GAAG,CAOF,cAAc,CAAC,SAAS,CAAC,MAAM;;;YAN9B,KAAK;;YAAL,KAAK,CACF,KAAK,CAAC,EAAE;YADX,KAAK,CAEF,SAAS,CAAC,SAAS;;QAHxB,GAAG;;YASH,GAAG,QAAC,EAAE,KAAK,EAAE,CAAC,EAAE;;YAAhB,GAAG,CAKF,YAAY,CAAC,CAAC;;;YAJb,IAAI,QAAC,UAAU;;YAAf,IAAI,CACD,SAAS,CAAC,KAAK,CAAC,KAAK;YADxB,IAAI,CAED,QAAQ,CAAC,EAAE;;QAFd,IAAI;QADN,GAAG;;YAOH,KAAK;;YAAL,KAAK,CACF,SAAS,CAAC,WAAW;YADxB,KAAK,CAEF,KAAK,CAAC,EAAE;YAFX,KAAK,CAGF,MAAM,CAAC,EAAE;YAHZ,KAAK,CAIF,MAAM,CAAC,EAAE,KAAK,EAAE,EAAE,EAAE;YAJvB,KAAK,CAKF,OAAO,CAAC,GAAG,EAAE;gBACZ,IAAI,CAAC,WAAW,GAAG,IAAI,CAAA;YACzB,CAAC;;QAxBL,GAAG;;YAsCH,OAAO;YACP,IAAI;;YADJ,OAAO;YACP,IAAI,CA6CH,YAAY,CAAC,CAAC;YA9Cf,OAAO;YACP,IAAI,CA8CH,eAAe,CAAC,WAAW;;;YA7C1B,OAAO;mDAAkC,KAAK,EAAE,MAAM;;;;;;;4BACpD,QAAQ;;;;;;wBAAR,QAAQ,CAkCP,WAAW,CAAC;4BACX,GAAG,EAAE,IAAI,CAAC,YAAY,YAAC,KAAK,CAAC;yBAC9B;wBApCD,QAAQ,CAqCP,MAAM,CAAC;4BACN,KAAK,EAAE,EAAE,MAAM,EAAE,CAAC,EAAE;4BACpB,KAAK,EAAE,WAAW;yBACnB;;;;;;4BAvCC,GAAG;;4BAAH,GAAG,CA+BF,UAAU,CAAC,aAAa,CAAC,MAAM;;;4BA9B9B,GAAG;;4BAAH,GAAG,CAIF,KAAK,CAAC,EAAE;4BAJT,GAAG,CAKF,WAAW,CAAC,CAAC;4BALd,GAAG,CAMF,cAAc,CAAC,SAAS,CAAC,MAAM;;;4BAL9B,IAAI,QAAC,CAAC,KAAK,GAAG,CAAC,CAAC,CAAC,QAAQ,EAAE;;4BAA3B,IAAI,CACD,SAAS,CAAC,WAAW;;wBADxB,IAAI;wBADN,GAAG;;4BAQH,KAAK;4BACL,GAAG,QAAC,EAAE,KAAK,EAAE,EAAE,EAAE;;4BADjB,KAAK;4BACL,GAAG,CAaF,YAAY,CAAC,CAAC;;;4BAZb,MAAM;;4BAAN,MAAM,CAQL,YAAY,CAAC,CAAC;4BARf,MAAM,CASL,UAAU,CAAC,eAAe,CAAC,KAAK;4BATjC,MAAM,CAUL,cAAc,CAAC,SAAS,CAAC,MAAM;;;4BAT9B,IAAI,QAAC,IAAI,CAAC,IAAI;;4BAAd,IAAI,CACD,QAAQ,CAAC,EAAE;4BADd,IAAI,CAED,SAAS,CAAC,WAAW;;wBAFxB,IAAI;;4BAGJ,IAAI,QAAC,IAAI,CAAC,MAAM;;4BAAhB,IAAI,CACD,QAAQ,CAAC,EAAE;4BADd,IAAI,CAED,SAAS,CAAC,KAAK,CAAC,IAAI;;wBAFvB,IAAI;wBAJN,MAAM;wBAFR,KAAK;wBACL,GAAG;;4BAeH,KAAK;;4BAAL,KAAK,CACF,KAAK,CAAC,EAAE;4BADX,KAAK,CAEF,MAAM,CAAC,EAAE;4BAFZ,KAAK,CAGF,MAAM,CAAC,EAAE,KAAK,EAAE,EAAE,EAAE;4BAHvB,KAAK,CAIF,SAAS,CAAC,KAAK,CAAC,IAAI;;wBA7BzB,GAAG;wBADL,QAAQ;;;oBAAR,QAAQ;;;+CADF,IAAI,CAAC,KAAK;;QAAlB,OAAO;QAFT,OAAO;QACP,IAAI;QAxCN,MAAM;QAXR,KAAK;QACL,MAAM;QAhMR,KAAK;KA8SN",
    "entry-package-info": "entry|1.0.0"
  },
  "entry|entry|1.0.0|src/main/ets/pages/Start.ts": {
    "version": 3,
    "file": "Start.ets",
    "sourceRoot": "",
    "sources": [
      "entry/src/main/ets/pages/Start.ets"
    ],
    "names": [],
    "mappings": ";;;;IAKS,OAAO,GAAE,MAAM;;;MADjB,KAAK;IAFZ;;;;;sDAG2B,aAAa;;;KALJ;;;;;;;;;;;;;;;;IAKlC,4CAAgB,MAAM,EAAiB;QAAhC,OAAO;;;QAAP,OAAO,WAAE,MAAM;;;IAEtB,sBAAsB;IAEtB,2CAA2C;IAC3C,aAAa,IAAI,IAAI;QACnB,2BAA2B;QAC3B,UAAU,CAAC,GAAG,EAAE;YACd,MAAM,CAAC,UAAU,CAAC,EAAE,GAAG,EAAE,aAAa,EAAE,CAAC,CAAA;QAC3C,CAAC,EAAE,IAAI,CAAC,CAAA;IACV,CAAC;IAED;;YACE,0CAA0C;YAC1C,KAAK,QAAC,EAAE,YAAY,EAAE,SAAS,CAAC,MAAM,EAAE;;YADxC,0CAA0C;YAC1C,KAAK,CAuBJ,MAAM,CAAC,MAAM;YAxBd,0CAA0C;YAC1C,KAAK,CAwBJ,KAAK,CAAC,MAAM;YAzBb,0CAA0C;YAC1C,KAAK,CAyBJ,cAAc;;;YAxBb,KAAK;YACL,KAAK;;;;YACL,KAAK;YACL,MAAM,iBAAC,IAAI;;YADX,KAAK;YACL,MAAM,CAOH,MAAM,CAAC,EAAE;YARZ,KAAK;YACL,MAAM,CAQH,OAAO,CAAC,GAAG,EAAE;gBACZ,6BAA6B;gBAC7B,6BAA6B;gBAE7B,yCAAyC;gBACzC,wCAAwC;gBAExC,0CAA0C;gBAC1C,MAAM,CAAC,UAAU,CAAC,EAAE,GAAG,EAAE,aAAa,EAAE,CAAC,CAAA;YAC3C,CAAC;;QAlBH,KAAK;QACL,MAAM;QALR,0CAA0C;QAC1C,KAAK;KA0BN",
    "entry-package-info": "entry|1.0.0"
  },
  "entry|entry|1.0.0|src/main/ets/views/Mine.ts": {
    "version": 3,
    "file": "Mine.ets",
    "sourceRoot": "",
    "sources": [
      "entry/src/main/ets/views/Mine.ets"
    ],
    "names": [],
    "mappings": ";;;;IAqGE,WAAW,GAAE,MAAM;IAEnB,QAAQ,GAAE,YAAY,EAAE;IACxB,KAAK,GAAE,YAAY,EAAE;;;IAnGrB,UAAU,GAAE,MAAM,EAAE;;OALf,EAAgB,iBAAiB,EAAE;cAAjC,YAAY;AAIrB,MAAM,CAAC,OAAO,OAAQ,IAAI;IAF1B;;;;;0BAGyB,CAAC,CAAC,EAAE,CAAC,EAAE,CAAC,EAAE,CAAC,CAAC;;;KAL4B;;;;;;;;;;;;;;IAK/D,oBAAY,MAAM,EAAE,CAAe;IAEnC;;YACE,MAAM;;YAAN,MAAM,CAsFL,KAAK,CAAC,MAAM;;;YArFX,KAAK;YACL,MAAM;;YADN,KAAK;YACL,MAAM,CASL,KAAK,CAAC;gBACL,CAAC,EAAE,IAAI;gBACP,CAAC,EAAE,IAAI;gBACP,OAAO,EAAE,KAAK;gBACd,OAAO,EAAE,GAAG;aACb;YAfD,KAAK;YACL,MAAM,CAeL,MAAM,CAAC,KAAK;YAhBb,KAAK;YACL,MAAM,CAgBL,KAAK,CAAC,MAAM;YAjBb,KAAK;YACL,MAAM,CAiBL,eAAe,CAAC,MAAM;;;YAhBrB,OAAO,QAAC,EAAE,MAAM,EAAE,CAAC,EAAE;;;;YACnB,OAAO;;;;oBACL,OAAO,QAAC,EAAE,IAAI,EAAE,CAAC,EAAE;;;;;;oDACjB,QAAQ,OAAC,EAAE,WAAW,EAAE,IAAI,EAAE;;;;oCAAnB,WAAW,EAAE,IAAI;;;;;;;;;;gBAD9B,OAAO;;+CADD,IAAI,CAAC,UAAU;;QAAvB,OAAO;QADT,OAAO;QAFT,KAAK;QACL,MAAM;;YAmBN,OAAO;YACP,MAAM;;YADN,OAAO;YACP,MAAM,CA4DL,KAAK,CAAC,MAAM;YA7Db,OAAO;YACP,MAAM,CA6DL,MAAM,CAAC,KAAK;YA9Db,OAAO;YACP,MAAM,CA8DL,eAAe,CAAC,SAAS;;;YA7DxB,MAAM;;YAAN,MAAM,CAIL,eAAe,CAAC,KAAK,CAAC,KAAK;YAJ5B,MAAM,CAKL,KAAK,CAAC,EAAE;YALT,MAAM,CAML,WAAW,CAAC,CAAC;YANd,MAAM,CAOL,YAAY,CAAC,EAAE;YAPhB,MAAM,CAQL,MAAM,CAAC,EAAE,CAAC,EAAE,CAAC,EAAE,EAAE;;;YAPhB,KAAK;;YAAL,KAAK,CACF,KAAK,CAAC,KAAK;;QAFhB,MAAM;;YAUN,MAAM,QAAC,EAAE,KAAK,EAAE,EAAE,EAAE;;;;YAClB,GAAG,QAAC,EAAE,KAAK,EAAE,CAAC,EAAE;;YAAhB,GAAG,CAOF,MAAM,CAAC,EAAE,CAAC,EAAE,CAAC,EAAE,EAAE;;;YANhB,IAAI,QAAC,OAAO;;YAAZ,IAAI,CACD,SAAS,CAAC,KAAK,CAAC,KAAK;YADxB,IAAI,CAED,QAAQ,CAAC,EAAE;;QAFd,IAAI;;YAGJ,KAAK;;YAAL,KAAK,CACF,KAAK,CAAC,EAAE;;QALb,GAAG;;YASH,GAAG;;;;YACD,KAAK;;YAAL,KAAK,CACF,KAAK,CAAC,EAAE;YADX,KAAK,CAEF,SAAS,CAAC,WAAW;YAFxB,KAAK,CAGF,MAAM,CAAC,EAAE,KAAK,EAAE,CAAC,EAAE;;;YACtB,IAAI,QAAC,KAAK;;YAAV,IAAI,CACD,SAAS,CAAC,MAAM;YADnB,IAAI,CAED,MAAM,CAAC,EAAE,KAAK,EAAE,EAAE,EAAE;YAFvB,IAAI,CAGD,QAAQ,CAAC,EAAE;;QAHd,IAAI;;YAIJ,IAAI,QAAC,KAAK;;YAAV,IAAI,CACD,SAAS,CAAC,MAAM;YADnB,IAAI,CAED,MAAM,CAAC,EAAE,KAAK,EAAE,EAAE,EAAE;YAFvB,IAAI,CAGD,QAAQ,CAAC,EAAE;;QAHd,IAAI;;YAIJ,IAAI,QAAC,IAAI;;YAAT,IAAI,CACD,SAAS,CAAC,MAAM;YADnB,IAAI,CAED,MAAM,CAAC,EAAE,KAAK,EAAE,EAAE,EAAE;YAFvB,IAAI,CAGD,QAAQ,CAAC,EAAE;;QAHd,IAAI;;YAIJ,IAAI,QAAC,QAAQ;;YAAb,IAAI,CACD,SAAS,CAAC,MAAM;YADnB,IAAI,CAED,MAAM,CAAC,EAAE,KAAK,EAAE,EAAE,EAAE;YAFvB,IAAI,CAGD,QAAQ,CAAC,EAAE;;QAHd,IAAI;QAjBN,GAAG;;YAuBH,GAAG;;;;YACD,IAAI,QAAC,MAAM;;YAAX,IAAI,CACD,SAAS,CAAC,MAAM;YADnB,IAAI,CAED,MAAM,CAAC,EAAE,KAAK,EAAE,EAAE,EAAE;YAFvB,IAAI,CAGD,QAAQ,CAAC,EAAE;;QAHd,IAAI;;YAIJ,IAAI,QAAC,SAAS;;YAAd,IAAI,CACD,SAAS,CAAC,MAAM;YADnB,IAAI,CAED,MAAM,CAAC,EAAE,KAAK,EAAE,EAAE,EAAE;YAFvB,IAAI,CAGD,QAAQ,CAAC,EAAE;;QAHd,IAAI;;YAIJ,IAAI,QAAC,SAAS;;YAAd,IAAI,CACD,SAAS,CAAC,MAAM;YADnB,IAAI,CAED,MAAM,CAAC,EAAE,KAAK,EAAE,EAAE,EAAE;YAFvB,IAAI,CAGD,QAAQ,CAAC,EAAE;;QAHd,IAAI;QATN,GAAG;QAjCL,MAAM;QAZR,OAAO;QACP,MAAM;QAtBR,MAAM;KAuFP;;;;;MAKI,QAAQ;IADf;;;;;2BAEwB,CAAC;uDAEI,EAAE;qBACL;YACtB;gBACE,GAAG,EAAE,wEAAwE;gBAC7E,IAAI,EAAE,SAAS;gBACf,MAAM,EAAE,OAAO;gBACf,GAAG,EAAE,wEAAwE;gBAC7E,EAAE,EAAE,MAAM;aACX;YACD;gBACE,GAAG,EAAE,wEAAwE;gBAC7E,IAAI,EAAE,GAAG;gBACT,MAAM,EAAE,IAAI;gBACZ,GAAG,EAAE,wEAAwE;gBAC7E,EAAE,EAAE,MAAM;aACX;YACD;gBACE,GAAG,EAAE,wEAAwE;gBAC7E,IAAI,EAAE,cAAc;gBACpB,MAAM,EAAE,wBAAwB;gBAChC,GAAG,EAAE,wEAAwE;gBAC7E,EAAE,EAAE,MAAM;aACX;YACD;gBACE,GAAG,EAAE,wEAAwE;gBAC7E,IAAI,EAAE,MAAM;gBACZ,MAAM,EAAE,MAAM;gBACd,GAAG,EAAE,wEAAwE;gBAC7E,EAAE,EAAE,MAAM;aACX;YACD;gBACE,GAAG,EAAE,wEAAwE;gBAC7E,IAAI,EAAE,IAAI;gBACV,MAAM,EAAE,IAAI;gBACZ,GAAG,EAAE,wEAAwE;gBAC7E,EAAE,EAAE,MAAM;aACX;YACD;gBACE,GAAG,EAAE,wEAAwE;gBAC7E,IAAI,EAAE,MAAM;gBACZ,MAAM,EAAE,KAAK;gBACb,GAAG,EAAE,wEAAwE;gBAC7E,EAAE,EAAE,MAAM;aACX;YACD;gBACE,GAAG,EAAE,wEAAwE;gBAC7E,IAAI,EAAE,MAAM;gBACZ,MAAM,EAAE,OAAO;gBACf,GAAG,EAAE,wEAAwE;gBAC7E,EAAE,EAAE,MAAM;aACX;YACD;gBACE,GAAG,EAAE,wEAAwE;gBAC7E,IAAI,EAAE,IAAI;gBACV,MAAM,EAAE,WAAW;gBACnB,GAAG,EAAE,wEAAwE;gBAC7E,EAAE,EAAE,MAAM;aACX;YAED;gBACE,GAAG,EAAE,wEAAwE;gBAC7E,IAAI,EAAE,cAAc;gBACpB,MAAM,EAAE,QAAQ;gBAChB,GAAG,EAAE,wEAAwE;gBAC7E,EAAE,EAAE,MAAM;aACX;YACD;gBACE,GAAG,EAAE,wEAAwE;gBAC7E,IAAI,EAAE,MAAM;gBACZ,MAAM,EAAE,KAAK;gBACb,GAAG,EAAE,wEAAwE;gBAC7E,EAAE,EAAE,MAAM;aACX;YACD;gBACE,GAAG,EAAE,yEAAyE;gBAC9E,IAAI,EAAE,MAAM;gBACZ,MAAM,EAAE,IAAI;gBACZ,GAAG,EAAE,yEAAyE;gBAC9E,EAAE,EAAE,MAAM;aACX;YACD;gBACE,GAAG,EAAE,yEAAyE;gBAC9E,IAAI,EAAE,IAAI;gBACV,MAAM,EAAE,KAAK;gBACb,GAAG,EAAE,yEAAyE;gBAC9E,EAAE,EAAE,MAAM;aACX;YACD;gBACE,GAAG,EAAE,yEAAyE;gBAC9E,IAAI,EAAE,MAAM;gBACZ,MAAM,EAAE,WAAW;gBACnB,GAAG,EAAE,yEAAyE;gBAC9E,EAAE,EAAE,MAAM;aACX;YACD;gBACE,GAAG,EAAE,yEAAyE;gBAC9E,IAAI,EAAE,OAAO;gBACb,MAAM,EAAE,KAAK;gBACb,GAAG,EAAE,yEAAyE;gBAC9E,EAAE,EAAE,MAAM;aACX;YACD;gBACE,GAAG,EAAE,yEAAyE;gBAC9E,IAAI,EAAE,qBAAqB;gBAC3B,MAAM,EAAE,OAAO;gBACf,GAAG,EAAE,yEAAyE;gBAC9E,EAAE,EAAE,MAAM;aACX;YACD;gBACE,GAAG,EAAE,yEAAyE;gBAC9E,IAAI,EAAE,MAAM;gBACZ,MAAM,EAAE,QAAQ;gBAChB,GAAG,EAAE,yEAAyE;gBAC9E,EAAE,EAAE,MAAM;aACX;SACF;;;KA1HF;;;;;;;;;;;;;;;;;;;;;;IAKC,qBAAa,MAAM,CAAI;IACvB,6CACU,YAAY,EAAE,EAAK;QAA7B,QAAQ;;;QAAR,QAAQ,WAAE,YAAY,EAAE;;;IACxB,eAAO,YAAY,EAAE,CAkHpB;IAED,aAAa;QACX,IAAI,CAAC,QAAQ,GAAG,IAAI,CAAC,KAAK,CAAC,GAAG,CAAC,IAAI,CAAC,EAAE,CAAC,IAAI,iBAAiB,CAAC,IAAI,CAAC,CAAC;aAChE,IAAI,CAAC,GAAG,EAAE,CAAC,IAAI,CAAC,MAAM,EAAE,GAAG,GAAG,CAAC,CAAA;IACpC,CAAC;IAED;;YACE,IAAI,QAAC,EAAE,KAAK,EAAE,EAAE,EAAE;;YAAlB,IAAI,CAcH,KAAK,CAAC,MAAM;YAdb,IAAI,CAeH,MAAM,CAAC,MAAM;;;YAdZ,OAAO;;;;;;;;4BACL,QAAQ;;;;;;;;;;;4BACN,KAAK;;4BAAL,KAAK,CAIJ,KAAK,CAAC,MAAM;4BAJb,KAAK,CAKJ,WAAW,CAAC,CAAC;4BALd,KAAK,CAMJ,YAAY,CAAC,CAAC;4BANf,KAAK,CAOJ,IAAI,CAAC,IAAI;;;4BANR,KAAK,QAAC,IAAI,CAAC,GAAG;;4BAAd,KAAK,CACF,KAAK,CAAC,MAAM;;wBAFjB,KAAK;wBADP,QAAQ;;;oBAAR,QAAQ;;;+CADF,IAAI,CAAC,QAAQ;;QAArB,OAAO;QADT,IAAI;KAgBL",
    "entry-package-info": "entry|1.0.0"
  },
  "entry|entry|1.0.0|src/main/ets/views/Moment.ts": {
    "version": 3,
    "file": "Moment.ets",
    "sourceRoot": "",
    "sources": [
      "entry/src/main/ets/views/Moment.ets"
    ],
    "names": [],
    "mappings": ";;;;IAcE,KAAK,GAAE,YAAY,EAAE;IAmHrB,UAAU,GAAE,cAAc,EAAE;;cAjIrB,YAAY,QAAQ,iBAAiB;AAE9C,UAAU,cAAc;IACtB,MAAM,EAAE,MAAM,CAAA;IACd,MAAM,EAAE,MAAM,CAAA;IACd,OAAO,EAAE,MAAM,CAAA;IACf,OAAO,EAAE,MAAM,CAAA;IACf,IAAI,EAAE,MAAM,CAAA;IACZ,IAAI,EAAE,YAAY,CAAA;CACnB;AAID,MAAM,CAAC,OAAO,OAAQ,MAAM;IAF5B;;;;;qBAG0B;YACtB;gBACE,GAAG,EAAE,wEAAwE;gBAC7E,IAAI,EAAE,SAAS;gBACf,MAAM,EAAE,OAAO;gBACf,GAAG,EAAE,wEAAwE;gBAC7E,EAAE,EAAE,MAAM;aACX;YACD;gBACE,GAAG,EAAE,wEAAwE;gBAC7E,IAAI,EAAE,GAAG;gBACT,MAAM,EAAE,IAAI;gBACZ,GAAG,EAAE,wEAAwE;gBAC7E,EAAE,EAAE,MAAM;aACX;YACD;gBACE,GAAG,EAAE,wEAAwE;gBAC7E,IAAI,EAAE,cAAc;gBACpB,MAAM,EAAE,wBAAwB;gBAChC,GAAG,EAAE,wEAAwE;gBAC7E,EAAE,EAAE,MAAM;aACX;YACD;gBACE,GAAG,EAAE,wEAAwE;gBAC7E,IAAI,EAAE,MAAM;gBACZ,MAAM,EAAE,MAAM;gBACd,GAAG,EAAE,wEAAwE;gBAC7E,EAAE,EAAE,MAAM;aACX;YACD;gBACE,GAAG,EAAE,wEAAwE;gBAC7E,IAAI,EAAE,IAAI;gBACV,MAAM,EAAE,IAAI;gBACZ,GAAG,EAAE,wEAAwE;gBAC7E,EAAE,EAAE,MAAM;aACX;YACD;gBACE,GAAG,EAAE,wEAAwE;gBAC7E,IAAI,EAAE,MAAM;gBACZ,MAAM,EAAE,KAAK;gBACb,GAAG,EAAE,wEAAwE;gBAC7E,EAAE,EAAE,MAAM;aACX;YACD;gBACE,GAAG,EAAE,wEAAwE;gBAC7E,IAAI,EAAE,MAAM;gBACZ,MAAM,EAAE,OAAO;gBACf,GAAG,EAAE,wEAAwE;gBAC7E,EAAE,EAAE,MAAM;aACX;YACD;gBACE,GAAG,EAAE,wEAAwE;gBAC7E,IAAI,EAAE,IAAI;gBACV,MAAM,EAAE,WAAW;gBACnB,GAAG,EAAE,wEAAwE;gBAC7E,EAAE,EAAE,MAAM;aACX;YAED;gBACE,GAAG,EAAE,wEAAwE;gBAC7E,IAAI,EAAE,cAAc;gBACpB,MAAM,EAAE,QAAQ;gBAChB,GAAG,EAAE,wEAAwE;gBAC7E,EAAE,EAAE,MAAM;aACX;YACD;gBACE,GAAG,EAAE,wEAAwE;gBAC7E,IAAI,EAAE,MAAM;gBACZ,MAAM,EAAE,KAAK;gBACb,GAAG,EAAE,wEAAwE;gBAC7E,EAAE,EAAE,MAAM;aACX;YACD;gBACE,GAAG,EAAE,yEAAyE;gBAC9E,IAAI,EAAE,MAAM;gBACZ,MAAM,EAAE,IAAI;gBACZ,GAAG,EAAE,yEAAyE;gBAC9E,EAAE,EAAE,MAAM;aACX;YACD;gBACE,GAAG,EAAE,yEAAyE;gBAC9E,IAAI,EAAE,IAAI;gBACV,MAAM,EAAE,KAAK;gBACb,GAAG,EAAE,yEAAyE;gBAC9E,EAAE,EAAE,MAAM;aACX;YACD;gBACE,GAAG,EAAE,yEAAyE;gBAC9E,IAAI,EAAE,MAAM;gBACZ,MAAM,EAAE,WAAW;gBACnB,GAAG,EAAE,yEAAyE;gBAC9E,EAAE,EAAE,MAAM;aACX;YACD;gBACE,GAAG,EAAE,yEAAyE;gBAC9E,IAAI,EAAE,OAAO;gBACb,MAAM,EAAE,KAAK;gBACb,GAAG,EAAE,yEAAyE;gBAC9E,EAAE,EAAE,MAAM;aACX;YACD;gBACE,GAAG,EAAE,yEAAyE;gBAC9E,IAAI,EAAE,qBAAqB;gBAC3B,MAAM,EAAE,OAAO;gBACf,GAAG,EAAE,yEAAyE;gBAC9E,EAAE,EAAE,MAAM;aACX;YACD;gBACE,GAAG,EAAE,yEAAyE;gBAC9E,IAAI,EAAE,MAAM;gBACZ,MAAM,EAAE,QAAQ;gBAChB,GAAG,EAAE,yEAAyE;gBAC9E,EAAE,EAAE,MAAM;aACX;SACF;0BAC8B;YAC7B;gBACE,MAAM,EAAE,WAAW;gBACnB,MAAM,EAAE,yEAAyE;gBACjF,OAAO,EAAE,oBAAoB;gBAC7B,OAAO,EAAE,GAAG;gBACZ,IAAI,EAAE,KAAK;gBACX,IAAI,EAAE,IAAI,CAAC,KAAK,CAAC,CAAC,CAAC;aACpB;YACD;gBACE,MAAM,EAAE,QAAQ;gBAChB,MAAM,EAAE,yEAAyE;gBACjF,OAAO,EAAE,oBAAoB;gBAC7B,OAAO,EAAE,IAAI;gBACb,IAAI,EAAE,IAAI;gBACV,IAAI,EAAE,IAAI,CAAC,KAAK,CAAC,CAAC,CAAC;aACpB;YACD;gBACE,MAAM,EAAE,SAAS;gBACjB,MAAM,EAAE,yEAAyE;gBACjF,OAAO,EAAE,gBAAgB;gBACzB,OAAO,EAAE,IAAI;gBACb,IAAI,EAAE,IAAI;gBACV,IAAI,EAAE,IAAI,CAAC,KAAK,CAAC,CAAC,CAAC;aACpB;YACD;gBACE,MAAM,EAAE,MAAM;gBACd,MAAM,EAAE,yEAAyE;gBACjF,OAAO,EAAE,cAAc;gBACvB,OAAO,EAAE,IAAI;gBACb,IAAI,EAAE,KAAK;gBACX,IAAI,EAAE,IAAI,CAAC,KAAK,CAAC,CAAC,CAAC;aACpB;YACD;gBACE,MAAM,EAAE,SAAS;gBACjB,MAAM,EAAE,yEAAyE;gBACjF,OAAO,EAAE,wEAAwE;gBACjF,OAAO,EAAE,GAAG;gBACZ,IAAI,EAAE,IAAI;gBACV,IAAI,EAAE,IAAI,CAAC,KAAK,CAAC,CAAC,CAAC;aACpB;YACD;gBACE,MAAM,EAAE,QAAQ;gBAChB,MAAM,EAAE,yEAAyE;gBACjF,OAAO,EAAE,oBAAoB;gBAC7B,OAAO,EAAE,KAAK;gBACd,IAAI,EAAE,KAAK;gBACX,IAAI,EAAE,IAAI,CAAC,KAAK,CAAC,CAAC,CAAC;aACpB;YACD;gBACE,MAAM,EAAE,QAAQ;gBAChB,MAAM,EAAE,yEAAyE;gBACjF,OAAO,EAAE,aAAa;gBACtB,OAAO,EAAE,IAAI;gBACb,IAAI,EAAE,IAAI;gBACV,IAAI,EAAE,IAAI,CAAC,KAAK,CAAC,CAAC,CAAC;aACpB;YACD;gBACE,MAAM,EAAE,YAAY;gBACpB,MAAM,EAAE,yEAAyE;gBACjF,OAAO,EAAE,wCAAwC;gBACjD,OAAO,EAAE,IAAI;gBACb,IAAI,EAAE,KAAK;gBACX,IAAI,EAAE,IAAI,CAAC,KAAK,CAAC,CAAC,CAAC;aACpB;YACD;gBACE,MAAM,EAAE,MAAM;gBACd,MAAM,EAAE,yEAAyE;gBACjF,OAAO,EAAE,gBAAgB;gBACzB,OAAO,EAAE,IAAI;gBACb,IAAI,EAAE,IAAI;gBACV,IAAI,EAAE,IAAI,CAAC,KAAK,CAAC,CAAC,CAAC;aACpB;YACD;gBACE,MAAM,EAAE,OAAO;gBACf,MAAM,EAAE,yEAAyE;gBACjF,OAAO,EAAE,8CAA8C;gBACvD,OAAO,EAAE,IAAI;gBACb,IAAI,EAAE,KAAK;gBACX,IAAI,EAAE,IAAI,CAAC,KAAK,CAAC,CAAC,CAAC;aACpB;YACD;gBACE,MAAM,EAAE,MAAM;gBACd,MAAM,EAAE,0EAA0E;gBAClF,OAAO,EAAE,mEAAmE;gBAC5E,OAAO,EAAE,IAAI;gBACb,IAAI,EAAE,IAAI;gBACV,IAAI,EAAE,IAAI,CAAC,KAAK,CAAC,EAAE,CAAC;aACrB;YACD;gBACE,MAAM,EAAE,WAAW;gBACnB,MAAM,EAAE,0EAA0E;gBAClF,OAAO,EAAE,sGAAsG;gBAC/G,OAAO,EAAE,IAAI;gBACb,IAAI,EAAE,IAAI;gBACV,IAAI,EAAE,IAAI,CAAC,KAAK,CAAC,EAAE,CAAC;aACrB;YACD;gBACE,MAAM,EAAE,QAAQ;gBAChB,MAAM,EAAE,0EAA0E;gBAClF,OAAO,EAAE,uIAAuI;gBAChJ,OAAO,EAAE,IAAI;gBACb,IAAI,EAAE,IAAI;gBACV,IAAI,EAAE,IAAI,CAAC,KAAK,CAAC,EAAE,CAAC;aACrB;YACD;gBACE,MAAM,EAAE,SAAS;gBACjB,MAAM,EAAE,0EAA0E;gBAClF,OAAO,EAAE,2IAA2I;gBACpJ,OAAO,EAAE,IAAI;gBACb,IAAI,EAAE,IAAI;gBACV,IAAI,EAAE,IAAI,CAAC,KAAK,CAAC,EAAE,CAAC;aACrB;YACD;gBACE,MAAM,EAAE,QAAQ;gBAChB,MAAM,EAAE,0EAA0E;gBAClF,OAAO,EAAE,4DAA4D;gBACrE,OAAO,EAAE,IAAI;gBACb,IAAI,EAAE,IAAI;gBACV,IAAI,EAAE,IAAI,CAAC,KAAK,CAAC,EAAE,CAAC;aACrB;YACD;gBACE,MAAM,EAAE,MAAM;gBACd,MAAM,EAAE,0EAA0E;gBAClF,OAAO,EAAE,6BAA6B;gBACtC,OAAO,EAAE,IAAI;gBACb,IAAI,EAAE,IAAI;gBACV,IAAI,EAAE,IAAI,CAAC,KAAK,CAAC,EAAE,CAAC;aACrB;SACF;;;KAzPF;;;;;;;;;;;;;;;;;IAKC,eAAO,YAAY,EAAE,CAkHpB;IACD,oBAAY,cAAc,EAAE,CAiI3B;IAED;;YACE,MAAM;;YAAN,MAAM,CAkHL,KAAK,CAAC,MAAM;YAlHb,MAAM,CAmHL,MAAM,CAAC,MAAM;YAnHd,MAAM,CAoHL,OAAO,CAAC,CAAC;YApHV,MAAM,CAqHL,eAAe,CAAC,MAAM;;;YApHrB,IAAI,QAAC,MAAM;;YAAX,IAAI,CACD,SAAS,CAAC,MAAM;YADnB,IAAI,CAED,KAAK,CAAC,MAAM;YAFf,IAAI,CAGD,MAAM,CAAC,EAAE,GAAG,EAAE,EAAE,EAAE,MAAM,EAAE,EAAE,EAAE;;QAHjC,IAAI;;YAKJ,IAAI,QAAC,EAAE,KAAK,EAAE,EAAE,EAAE;;YAAlB,IAAI,CAuGH,KAAK,CAAC,MAAM;YAvGb,IAAI,CAwGH,MAAM,CAAC,MAAM;YAxGd,IAAI,CAyGH,OAAO,CAAC,EAAE,KAAK,EAAE,EAAE,EAAE,IAAI,EAAE,EAAE,EAAE;YAzGhC,IAAI,CA0GH,YAAY,CAAC,CAAC;;;YAzGb,OAAO;;;;;;;;4BACL,QAAQ;;;;;;;;;;;4BACN,GAAG,QAAC,EAAE,KAAK,EAAE,EAAE,EAAE;;4BAAjB,GAAG,CA+EF,UAAU,CAAC,aAAa,CAAC,GAAG;4BA/E7B,GAAG,CAgFF,OAAO,CAAC;gCACP,GAAG,EAAE,EAAE;gCACP,MAAM,EAAE,EAAE;6BACX;4BAnFD,GAAG,CAoFF,WAAW,CAAC;gCACX,MAAM,EAAE,CAAC;6BACV;4BAtFD,GAAG,CAuFF,WAAW,CAAC,SAAS;;;4BAtFpB,GAAG;;;;4BACD,KAAK,QAAC,IAAI,CAAC,MAAM;;4BAAjB,KAAK,CACF,YAAY,CAAC,EAAE;4BADlB,KAAK,CAEF,KAAK,CAAC,EAAE;;wBAHb,GAAG;;4BAMH,MAAM,QAAC,EAAE,KAAK,EAAE,EAAE,EAAE;;4BAApB,MAAM,CAqEL,YAAY,CAAC,CAAC;4BArEf,MAAM,CAsEL,UAAU,CAAC,eAAe,CAAC,KAAK;;;4BArE/B,KAAK;4BACL,IAAI,QAAC,IAAI,CAAC,MAAM;;4BADhB,KAAK;4BACL,IAAI,CACD,SAAS,CAAC,SAAS;;wBAFtB,KAAK;wBACL,IAAI;;4BAEJ,KAAK;4BACL,IAAI,QAAC,IAAI,CAAC,OAAO;;4BADjB,KAAK;4BACL,IAAI,CACD,SAAS,CAAC,SAAS;4BAFtB,KAAK;4BACL,IAAI,CAED,QAAQ,CAAC,EAAE;;wBAHd,KAAK;wBACL,IAAI;;4BAGJ,OAAO;4BACP,GAAG;;4BADH,OAAO;4BACP,GAAG,CAuBF,eAAe,CAAC,SAAS;4BAxB1B,OAAO;4BACP,GAAG,CAwBF,KAAK,CAAC,MAAM;4BAzBb,OAAO;4BACP,GAAG,CAyBF,YAAY,CAAC,CAAC;4BA1Bf,OAAO;4BACP,GAAG,CA0BF,IAAI,CAAC,IAAI;;;4BAzBR,KAAK,QAAC,IAAI,CAAC,IAAI,CAAC,GAAG;;4BAAnB,KAAK,CACF,KAAK,CAAC,EAAE;4BADX,KAAK,CAEF,WAAW,CAAC,CAAC;;;4BAChB,MAAM,QAAC,EAAE,KAAK,EAAE,EAAE,EAAE;;4BAApB,MAAM,CAQL,YAAY,CAAC,CAAC;4BARf,MAAM,CASL,MAAM,CAAC,EAAE;4BATV,MAAM,CAUL,UAAU,CAAC,eAAe,CAAC,KAAK;4BAVjC,MAAM,CAWL,cAAc,CAAC,SAAS,CAAC,YAAY;4BAXtC,MAAM,CAYL,OAAO,CAAC,EAAE;;;4BAXT,IAAI,QAAC,IAAI,CAAC,IAAI,CAAC,IAAI;;4BAAnB,IAAI,CACD,SAAS,CAAC,SAAS;4BADtB,IAAI,CAED,QAAQ,CAAC,EAAE;;wBAFd,IAAI;;4BAGJ,IAAI,QAAC,IAAI,CAAC,IAAI,CAAC,MAAM;;4BAArB,IAAI,CACD,SAAS,CAAC,SAAS;4BADtB,IAAI,CAED,QAAQ,CAAC,EAAE;;wBAFd,IAAI;wBAJN,MAAM;;4BAcN,KAAK;;4BAAL,KAAK,CACF,KAAK,CAAC,EAAE;4BADX,KAAK,CAEF,SAAS,CAAC,SAAS;4BAFtB,KAAK,CAGF,MAAM,CAAC,EAAE,KAAK,EAAE,EAAE,EAAE;;wBAtBzB,OAAO;wBACP,GAAG;;4BA4BH,GAAG,QAAC,EAAE,KAAK,EAAE,EAAE,EAAE;;;;4BACf,GAAG;;;;4BACD,KAAK;;4BAAL,KAAK,CACF,KAAK,CAAC,EAAE;4BADX,KAAK,CAEF,SAAS,CAAC,SAAS;;;4BACtB,IAAI,QAAC,IAAI;;4BAAT,IAAI,CACD,SAAS,CAAC,SAAS;4BADtB,IAAI,CAED,QAAQ,CAAC,EAAE;4BAFd,IAAI,CAGD,MAAM,CAAC,EAAE,IAAI,EAAE,CAAC,EAAE;;wBAHrB,IAAI;wBAJN,GAAG;;4BAUH,GAAG;;;;4BACD,KAAK;;4BAAL,KAAK,CACF,KAAK,CAAC,EAAE;4BADX,KAAK,CAEF,SAAS,CAAC,SAAS;;;4BACtB,IAAI,QAAC,IAAI,CAAC,OAAO,CAAC,QAAQ,EAAE;;4BAA5B,IAAI,CACD,SAAS,CAAC,SAAS;4BADtB,IAAI,CAED,QAAQ,CAAC,EAAE;4BAFd,IAAI,CAGD,MAAM,CAAC,EAAE,IAAI,EAAE,CAAC,EAAE;;wBAHrB,IAAI;wBAJN,GAAG;;4BAUH,GAAG;;;;4BACD,KAAK;;4BAAL,KAAK,CACF,KAAK,CAAC,EAAE;4BADX,KAAK,CAEF,SAAS,CAAC,SAAS;;;4BACtB,IAAI,QAAC,IAAI,CAAC,IAAI,CAAC,QAAQ,EAAE;;4BAAzB,IAAI,CACD,SAAS,CAAC,SAAS;4BADtB,IAAI,CAED,QAAQ,CAAC,EAAE;4BAFd,IAAI,CAGD,MAAM,CAAC,EAAE,IAAI,EAAE,CAAC,EAAE;;wBAHrB,IAAI;wBAJN,GAAG;wBArBL,GAAG;wBArCL,MAAM;wBAPR,GAAG;wBADL,QAAQ;;;oBAAR,QAAQ;;;+CADF,IAAI,CAAC,UAAU;;QAAvB,OAAO;;;;;;oBA4FP,QAAQ;;;;;;;;;;;oBACN,GAAG;;oBAAH,GAAG,CAIF,KAAK,CAAC,MAAM;oBAJb,GAAG,CAKF,cAAc,CAAC,SAAS,CAAC,MAAM;oBALhC,GAAG,CAMF,OAAO,CAAC,EAAE;;;oBALT,IAAI,QAAC,SAAS;;oBAAd,IAAI,CACD,SAAS,CAAC,KAAK,CAAC,IAAI;;gBADvB,IAAI;gBADN,GAAG;gBADL,QAAQ;;;YAAR,QAAQ;;QA7FV,IAAI;QANN,MAAM;KAsHP",
    "entry-package-info": "entry|1.0.0"
  },
  "entry|entry|1.0.0|src/main/ets/views/Recommend.ts": {
    "version": 3,
    "file": "Recommend.ets",
    "sourceRoot": "",
    "sources": [
      "entry/src/main/ets/views/Recommend.ets"
    ],
    "names": [],
    "mappings": ";;;;IAoBS,UAAU,GAAE,MAAM,EAAE;IAQpB,cAAc,GAAE,kBAAkB,EAAE;IA+BpC,aAAa,GAAE,iBAAiB,EAAE;;AA3D3C,UAAU,kBAAkB;IAC1B,GAAG,EAAE,MAAM,CAAA,CAAC,KAAK;IACjB,KAAK,EAAE,MAAM,CAAA,CAAC,OAAO;IACrB,IAAI,EAAE,MAAM,CAAA,CAAC,OAAO;IACpB,GAAG,EAAE,MAAM,CAAA,CAAC,QAAQ;IACpB,MAAM,EAAE,MAAM,CAAA,CAAC,QAAQ;CACxB;AAED,UAAU,iBAAiB;IACzB,GAAG,EAAE,MAAM,CAAA,CAAC,KAAK;IACjB,KAAK,EAAE,MAAM,CAAA,CAAC,OAAO;IACrB,KAAK,EAAE,MAAM,CAAA,CAAC,OAAO;CACtB;MAMM,SAAS;IAFhB;;;;;yDAIgC;YAC5B,8EAA8E;YAC9E,8EAA8E;YAC9E,8EAA8E;YAC9E,8EAA8E;YAC9E,8EAA8E;SAC/E;QACD,SAAS;;6DACqC;YAC5C;gBACE,GAAG,EAAE,iFAAiF;gBACtF,KAAK,EAAE,2BAA2B;gBAClC,IAAI,EAAE,MAAM;gBACZ,GAAG,EAAE,SAAS;gBACd,MAAM,EAAE,SAAS;aAClB;YACD;gBACE,GAAG,EAAE,iFAAiF;gBACtF,KAAK,EAAE,0BAA0B;gBACjC,IAAI,EAAE,MAAM;gBACZ,GAAG,EAAE,SAAS;gBACd,MAAM,EAAE,SAAS;aAClB;YACD;gBACE,GAAG,EAAE,iFAAiF;gBACtF,KAAK,EAAE,2BAA2B;gBAClC,IAAI,EAAE,MAAM;gBACZ,GAAG,EAAE,SAAS;gBACd,MAAM,EAAE,SAAS;aAClB;YACD;gBACE,GAAG,EAAE,iFAAiF;gBACtF,KAAK,EAAE,2BAA2B;gBAClC,IAAI,EAAE,MAAM;gBACZ,GAAG,EAAE,SAAS;gBACd,MAAM,EAAE,SAAS;aAClB;SACF;QACD,SAAS;;4DACmC;YAC1C;gBACE,GAAG,EAAE,4EAA4E;gBACjF,KAAK,EAAE,2BAA2B;gBAClC,KAAK,EAAE,QAAQ;aAChB;YACD;gBACE,GAAG,EAAE,4EAA4E;gBACjF,KAAK,EAAE,+BAA+B;gBACtC,KAAK,EAAE,QAAQ;aAChB;YACD;gBACE,GAAG,EAAE,4EAA4E;gBACjF,KAAK,EAAE,wBAAwB;gBAC/B,KAAK,EAAE,QAAQ;aAChB;YACD;gBACE,GAAG,EAAE,4EAA4E;gBACjF,KAAK,EAAE,wBAAwB;gBAC/B,KAAK,EAAE,QAAQ;aAChB;YACD;gBACE,GAAG,EAAE,4EAA4E;gBACjF,KAAK,EAAE,yBAAyB;gBAChC,KAAK,EAAE,QAAQ;aAChB;SACF;QAED,MAAM;;;;KA3EP;;;;;;;;;;;;;;;;;;;;;;;;;;IAOC,QAAQ;IACR,+CAAmB,MAAM,EAAE,EAM1B;QANM,UAAU;;;QAAV,UAAU,WAAE,MAAM,EAAE;;;IAO3B,SAAS;IACT,mDAAuB,kBAAkB,EAAE,EA6B1C;QA7BM,cAAc;;;QAAd,cAAc,WAAE,kBAAkB,EAAE;;;IA8B3C,SAAS;IACT,kDAAsB,iBAAiB,EAAE,EA0BxC;QA1BM,aAAa;;;QAAb,aAAa,WAAE,iBAAiB,EAAE;;;IA4BzC,MAAM;IAEN,+BAA+B;IAC/B,aAAa;;YACX,GAAG;;YAAH,GAAG,CAkBF,OAAO,CAAC,EAAE;;;YAjBT,GAAG,QAAC,EAAE,KAAK,EAAE,EAAE,EAAE;;YAAjB,GAAG,CAWF,KAAK,CAAC,MAAM;YAXb,GAAG,CAYF,MAAM,CAAC,EAAE;YAZV,GAAG,CAaF,eAAe,CAAC,SAAS;YAb1B,GAAG,CAcF,YAAY,CAAC,EAAE;YAdhB,GAAG,CAeF,OAAO,CAAC,EAAE,IAAI,EAAE,EAAE,EAAE,KAAK,EAAE,EAAE,EAAE;;;YAd9B,KAAK;;YAAL,KAAK,CACF,KAAK,CAAC,EAAE;YADX,KAAK,CAEF,SAAS,CAAC,SAAS;;;YACtB,IAAI,QAAC,SAAS;;YAAd,IAAI,CACD,SAAS,CAAC,SAAS;YADtB,IAAI,CAED,YAAY,CAAC,CAAC;;QAFjB,IAAI;;YAGJ,KAAK;;YAAL,KAAK,CACF,KAAK,CAAC,EAAE;YADX,KAAK,CAEF,SAAS,CAAC,SAAS;;QATxB,GAAG;QADL,GAAG;KAmBJ;IAED,MAAM;IAEN,aAAa;;YACX,2BAA2B;YAC3B,MAAM;;YADN,2BAA2B;YAC3B,MAAM,CAQL,KAAK,CAAC,MAAM;YATb,2BAA2B;YAC3B,MAAM,CASL,QAAQ,CAAC,IAAI;;;YARZ,OAAO;;;;oBACL,KAAK,QAAC,IAAI;;oBAAV,KAAK,CACF,YAAY,CAAC,CAAC;oBADjB,KAAK,CAEF,KAAK,CAAC,MAAM;oBAFf,KAAK,CAGF,WAAW,CAAC,GAAG,GAAG,GAAG;;;+CAJlB,IAAI,CAAC,UAAU;;QAAvB,OAAO;QAFT,2BAA2B;QAC3B,MAAM;KAUP;IAED,OAAO;IAEP,YAAY;QACV,KAAK;QACL,IAAI,CAAC,YAAY,YAAC,MAAM,yBAAC;;YACzB,cAAc;YACd,MAAM;;YADN,cAAc;YACd,MAAM,CA6BL,UAAU,CAAC,eAAe,CAAC,UAAU;YA9BtC,cAAc;YACd,MAAM,CA8BL,SAAS,CAAC,QAAQ,CAAC,GAAG;YA/BvB,cAAc;YACd,MAAM,CA+BL,UAAU,CAAC,UAAU,CAAC,MAAM;;;YA9B3B,kBAAkB;YAClB,GAAG,QAAC,EAAE,KAAK,EAAE,EAAE,EAAE;;;;YACf,OAAO;;;;oBACL,MAAM;;oBAAN,MAAM,CAmBL,KAAK,CAAC,KAAK;oBAnBZ,MAAM,CAoBL,YAAY,CAAC,CAAC;oBApBf,MAAM,CAqBL,IAAI,CAAC,IAAI;;;oBApBR,IAAI,QAAC,IAAI,CAAC,IAAI;;oBAAd,IAAI,CACD,KAAK,CAAC,MAAM;oBADf,IAAI,CAED,eAAe,CAAC,IAAI,CAAC,GAAG;oBAF3B,IAAI,CAGD,OAAO,CAAC,CAAC;oBAHZ,IAAI,CAID,SAAS,CAAC,MAAM;;gBAJnB,IAAI;;oBAKJ,KAAK,QAAC,IAAI,CAAC,GAAG;;oBAAd,KAAK,CACF,KAAK,CAAC,MAAM;oBADf,KAAK,CAEF,WAAW,CAAC,CAAC;;;oBAChB,IAAI,QAAC,IAAI,CAAC,KAAK;;oBAAf,IAAI,CACD,KAAK,CAAC,MAAM;oBADf,IAAI,CAED,eAAe,CAAC,IAAI,CAAC,MAAM;oBAF9B,IAAI,CAGD,OAAO,CAAC,CAAC;oBAHZ,IAAI,CAID,SAAS,CAAC,MAAM;oBAJnB,IAAI,CAKD,QAAQ,CAAC,EAAE;oBALd,IAAI,CAMD,UAAU,CAAC,EAAE;oBANhB,IAAI,CAOD,QAAQ,CAAC,CAAC;oBAPb,IAAI,CAQD,YAAY,CAAC,EAAE,QAAQ,EAAE,YAAY,CAAC,QAAQ,EAAE;;gBARnD,IAAI;gBATN,MAAM;;+CADA,IAAI,CAAC,cAAc;;QAA3B,OAAO;QAFT,kBAAkB;QAClB,GAAG;QAHL,cAAc;QACd,MAAM;KAgCP;IAGD,WAAW;QACT,IAAI,CAAC,YAAY,YAAC,MAAM,yBAAC;;YACzB,MAAM;;YAAN,MAAM,CAwBL,UAAU,CAAC,eAAe,CAAC,UAAU;YAxBtC,MAAM,CAyBL,SAAS,CAAC,QAAQ,CAAC,GAAG;YAzBvB,MAAM,CA0BL,UAAU,CAAC,UAAU,CAAC,MAAM;;;YAzB3B,GAAG,QAAC,EAAE,KAAK,EAAE,EAAE,EAAE;;;;YACf,OAAO;;;;oBACL,MAAM,QAAC,EAAE,KAAK,EAAE,EAAE,EAAE;;oBAApB,MAAM,CAiBL,KAAK,CAAC,KAAK;;;oBAhBV,OAAO;oBACP,KAAK,QAAC,EAAE,YAAY,EAAE,SAAS,CAAC,QAAQ,EAAE;;;;oBACxC,KAAK,QAAC,IAAI,CAAC,GAAG;;oBAAd,KAAK,CACF,KAAK,CAAC,MAAM;oBADf,KAAK,CAEF,WAAW,CAAC,CAAC;oBAFhB,KAAK,CAGF,YAAY,CAAC,EAAE;;;oBAClB,IAAI,QAAC,IAAI,CAAC,KAAK;;oBAAf,IAAI,CACD,SAAS,CAAC,MAAM;oBADnB,IAAI,CAED,MAAM,CAAC,CAAC;;gBAFX,IAAI;gBANN,OAAO;gBACP,KAAK;;oBAUL,IAAI,QAAC,IAAI,CAAC,KAAK;;oBAAf,IAAI,CACD,SAAS,CAAC,MAAM;oBADnB,IAAI,CAED,QAAQ,CAAC,CAAC;oBAFb,IAAI,CAGD,YAAY,CAAC,EAAE,QAAQ,EAAE,YAAY,CAAC,QAAQ,EAAE;;gBAHnD,IAAI;gBAZN,MAAM;;+CADA,IAAI,CAAC,aAAa;;QAA1B,OAAO;QADT,GAAG;QADL,MAAM;KA2BP;IAED,OAAO;IAEP,YAAY,CAAC,KAAK,EAAE,MAAM;;YACxB,GAAG;;YAAH,GAAG,CAQF,KAAK,CAAC,MAAM;YARb,GAAG,CASF,OAAO,CAAC,CAAC;YATV,GAAG,CAUF,cAAc,CAAC,SAAS,CAAC,YAAY;;;YATpC,IAAI,QAAC,KAAK;;YAAV,IAAI,CACD,SAAS,CAAC,MAAM;YADnB,IAAI,CAED,UAAU,CAAC,GAAG;;QAFjB,IAAI;;YAGJ,KAAK;;YAAL,KAAK,CACF,KAAK,CAAC,EAAE;YADX,KAAK,CAEF,SAAS,CAAC,MAAM;;QANrB,GAAG;KAWJ;IAED;;YACE,uBAAuB;YACvB,MAAM;;YADN,uBAAuB;YACvB,MAAM,CAeL,KAAK,CAAC,MAAM;YAhBb,uBAAuB;YACvB,MAAM,CAgBL,MAAM,CAAC,MAAM;YAjBd,uBAAuB;YACvB,MAAM,CAiBL,UAAU,CAAC,eAAe,CAAC,QAAQ;YAlBpC,uBAAuB;YACvB,MAAM,CAkBL,UAAU,CAAC,UAAU,CAAC,MAAM;;;YAjB3B,uBAAuB;YACvB,MAAM;;YADN,uBAAuB;YACvB,MAAM,CAUL,cAAc,CAAC,EAAE,SAAS,EAAE,MAAM,EAAE;YAXrC,uBAAuB;YACvB,MAAM,CAWL,OAAO,CAAC,EAAE,IAAI,EAAE,EAAE,EAAE,KAAK,EAAE,EAAE,EAAE;;QAV9B,MAAM;QACN,IAAI,CAAC,aAAa,iBAAE;QACpB,MAAM;QACN,IAAI,CAAC,aAAa,iBAAE;QACpB,OAAO;QACP,IAAI,CAAC,YAAY,iBAAE;QACnB,OAAO;QACP,IAAI,CAAC,WAAW,iBAAE;QATpB,uBAAuB;QACvB,MAAM;QAHR,uBAAuB;QACvB,MAAM;KAmBP;;;;;AAGH,qBAAqB;AACrB,eAAe,SAAS,CAAA",
    "entry-package-info": "entry|1.0.0"
  }
}