{"/Users/megasu/Documents/HarmonyOS/project/heima_music/AppScope/app.json5":{"hashValue":"063f4aeb09645473f802479315929dee","name":"app.json5","path":"/Users/megasu/Documents/HarmonyOS/project/heima_music/AppScope/app.json5","type":"file","isSymbolicLink":false,"fileMetaData":{"size":205,"lastModifiedTime":1721989708459}},"/Users/megasu/Documents/HarmonyOS/project/heima_music/entry/src/main/module.json5":{"hashValue":"e728e3f3157e17ae1f2c66eeb534b8b7","name":"module.json5","path":"/Users/megasu/Documents/HarmonyOS/project/heima_music/entry/src/main/module.json5","type":"file","isSymbolicLink":false,"fileMetaData":{"size":2124,"lastModifiedTime":1721963922054}},"/Users/megasu/Documents/HarmonyOS/project/heima_music/build-profile.json5":{"hashValue":"ccca89bc3524f20d37218106707d56f0","name":"build-profile.json5","path":"/Users/megasu/Documents/HarmonyOS/project/heima_music/build-profile.json5","type":"file","isSymbolicLink":false,"fileMetaData":{"size":563,"lastModifiedTime":1721995169837}},"/Users/megasu/Documents/HarmonyOS/project/heima_music/entry/build-profile.json5":{"hashValue":"235083accd8ab493277ce52e151cb64e","name":"build-profile.json5","path":"/Users/megasu/Documents/HarmonyOS/project/heima_music/entry/build-profile.json5","type":"file","isSymbolicLink":false,"fileMetaData":{"size":421,"lastModifiedTime":1721613589446}},"/Users/megasu/Documents/HarmonyOS/project/heima_music/entry/src/main/resources/base/profile/main_pages.json":{"hashValue":"8b19162cbee50fc348624dcf9fb826e2","name":"main_pages.json","path":"/Users/megasu/Documents/HarmonyOS/project/heima_music/entry/src/main/resources/base/profile/main_pages.json","type":"file","isSymbolicLink":false,"fileMetaData":{"size":109,"lastModifiedTime":1721868475167}},"/Users/megasu/Documents/HarmonyOS/project/heima_music/hvigor/hvigor-config.json5":{"hashValue":"14fe4ee7966ad0452a46d154fbd74f8b","name":"hvigor-config.json5","path":"/Users/megasu/Documents/HarmonyOS/project/heima_music/hvigor/hvigor-config.json5","type":"file","isSymbolicLink":false,"fileMetaData":{"size":1301,"lastModifiedTime":1721613587412}},"/Users/megasu/Documents/HarmonyOS/project/heima_music/entry/src/mock/mock-config.json5":{"hashValue":"28653ebce0b497a91aa281ae8ce59fc2","name":"mock-config.json5","path":"/Users/megasu/Documents/HarmonyOS/project/heima_music/entry/src/mock/mock-config.json5","type":"file","isSymbolicLink":false,"fileMetaData":{"size":3,"lastModifiedTime":1721613587541}},"/Users/megasu/Documents/HarmonyOS/project/heima_music/entry/oh-package.json5":{"hashValue":"af182e95788c7a8c3f8c23e5cbf7ce60","name":"oh-package.json5","path":"/Users/megasu/Documents/HarmonyOS/project/heima_music/entry/oh-package.json5","type":"file","isSymbolicLink":false,"fileMetaData":{"size":173,"lastModifiedTime":1721613587452}},"/Users/megasu/Documents/HarmonyOS/project/heima_music/entry/build/default/intermediates/hap_metadata/default/output_metadata.json":{"hashValue":"70af73be1880a91892f984214b39ace9","name":"output_metadata.json","path":"/Users/megasu/Documents/HarmonyOS/project/heima_music/entry/build/default/intermediates/hap_metadata/default/output_metadata.json","type":"file","isSymbolicLink":false,"fileMetaData":{"size":100,"lastModifiedTime":1721995317470}},"/Users/megasu/Documents/HarmonyOS/project/heima_music/entry/build/default/intermediates/merge_profile/default/module.json":{"hashValue":"8561c5b649f3a066cf2ddb24fabd1bbf","name":"module.json","path":"/Users/megasu/Documents/HarmonyOS/project/heima_music/entry/build/default/intermediates/merge_profile/default/module.json","type":"file","isSymbolicLink":false,"fileMetaData":{"size":2084,"lastModifiedTime":1721995317473}},"/Users/megasu/Documents/HarmonyOS/project/heima_music/entry/build/default/generated/profile/default/BuildProfile.ets":{"hashValue":"6a736faedfc54185882eff5e6a2771f5","name":"BuildProfile.ets","path":"/Users/megasu/Documents/HarmonyOS/project/heima_music/entry/build/default/generated/profile/default/BuildProfile.ets","type":"file","isSymbolicLink":false,"fileMetaData":{"size":863,"lastModifiedTime":1721995317474}},"/Users/megasu/Documents/HarmonyOS/project/heima_music/entry/src/main/resources/base/profile/backup_config.json":{"hashValue":"30684b57e9cc4722b8e5c0d65b4faf71","name":"backup_config.json","path":"/Users/megasu/Documents/HarmonyOS/project/heima_music/entry/src/main/resources/base/profile/backup_config.json","type":"file","isSymbolicLink":false,"fileMetaData":{"size":34,"lastModifiedTime":1721868475167}},"/Users/megasu/Documents/HarmonyOS/project/heima_music/entry/build/default/outputs/default/pack.info":{"hashValue":"5f3af95b215d5161f3e0a6387c3eaf24","name":"pack.info","path":"/Users/megasu/Documents/HarmonyOS/project/heima_music/entry/build/default/outputs/default/pack.info","type":"file","isSymbolicLink":false,"fileMetaData":{"size":989,"lastModifiedTime":1721995317483}},"/Users/megasu/Documents/HarmonyOS/project/heima_music/entry/build/default/intermediates/process_profile/default/module.json":{"hashValue":"0d13f2bf068a5be3a235e17ede3dc007","name":"module.json","path":"/Users/megasu/Documents/HarmonyOS/project/heima_music/entry/build/default/intermediates/process_profile/default/module.json","type":"file","isSymbolicLink":false,"fileMetaData":{"size":2170,"lastModifiedTime":1721995317530}},"/Applications/DevEco-Studio.app/Contents/sdk/HarmonyOS-NEXT-DB2/openharmony/toolchains/syscap_tool":{"hashValue":"53e9fad407b386c2e6df4a737e9bb790","name":"syscap_tool","path":"/Applications/DevEco-Studio.app/Contents/sdk/HarmonyOS-NEXT-DB2/openharmony/toolchains/syscap_tool","type":"file","isSymbolicLink":false,"fileMetaData":{"size":405712,"lastModifiedTime":1721201673000}},"/Applications/DevEco-Studio.app/Contents/sdk/HarmonyOS-NEXT-DB2/openharmony/ets/api/device-define":{"hashValue":"5152dd8de808b1d1d5a7247be019770e","name":"device-define","path":"/Applications/DevEco-Studio.app/Contents/sdk/HarmonyOS-NEXT-DB2/openharmony/ets/api/device-define","type":"directory","isSymbolicLink":false,"children":[{"hashValue":"d24391cbb2a5bece6ba12462fb463cac","name":"default.json","path":"/Applications/DevEco-Studio.app/Contents/sdk/HarmonyOS-NEXT-DB2/openharmony/ets/api/device-define/default.json","type":"file","isSymbolicLink":false,"fileMetaData":{"size":11570,"lastModifiedTime":1721201499000}},{"hashValue":"c9f57cad14ba4fed51acece45c4ceb2b","name":"liteWearable.json","path":"/Applications/DevEco-Studio.app/Contents/sdk/HarmonyOS-NEXT-DB2/openharmony/ets/api/device-define/liteWearable.json","type":"file","isSymbolicLink":false,"fileMetaData":{"size":686,"lastModifiedTime":1721201499000}},{"hashValue":"113062ea95470d118925a719e6b54a74","name":"tablet.json","path":"/Applications/DevEco-Studio.app/Contents/sdk/HarmonyOS-NEXT-DB2/openharmony/ets/api/device-define/tablet.json","type":"file","isSymbolicLink":false,"fileMetaData":{"size":11137,"lastModifiedTime":1721201499000}}]},"/Users/megasu/Documents/HarmonyOS/project/heima_music/oh-package.json5":{"hashValue":"0a06b48c5521b4949cbf4a92d1ec35a7","name":"oh-package.json5","path":"/Users/megasu/Documents/HarmonyOS/project/heima_music/oh-package.json5","type":"file","isSymbolicLink":false,"fileMetaData":{"size":200,"lastModifiedTime":1721613589443}},"/Users/megasu/Documents/HarmonyOS/project/heima_music/entry/build/default/intermediates/router_map/default/temp-router-map.json":{"hashValue":"84fe42a2acc9ac4a7430bafc9a4e0425","name":"temp-router-map.json","path":"/Users/megasu/Documents/HarmonyOS/project/heima_music/entry/build/default/intermediates/router_map/default/temp-router-map.json","type":"file","isSymbolicLink":false,"fileMetaData":{"size":16,"lastModifiedTime":1721992315694}},"/Users/megasu/Documents/HarmonyOS/project/heima_music/entry/build/default/intermediates/router_map/default/loader-router-map.json":{"hashValue":"b430a30bf22e5477bb8c9a27d8107c9c","name":"loader-router-map.json","path":"/Users/megasu/Documents/HarmonyOS/project/heima_music/entry/build/default/intermediates/router_map/default/loader-router-map.json","type":"file","isSymbolicLink":false,"fileMetaData":{"size":16,"lastModifiedTime":1721992315694}},"/Users/megasu/Documents/HarmonyOS/project/heima_music/entry/build/default/intermediates/res/default/resConfig.json":{"hashValue":"178da3d41d855a18957688b01d4ff220","name":"resConfig.json","path":"/Users/megasu/Documents/HarmonyOS/project/heima_music/entry/build/default/intermediates/res/default/resConfig.json","type":"file","isSymbolicLink":false,"fileMetaData":{"size":1179,"lastModifiedTime":1721990597626}},"/Users/megasu/Documents/HarmonyOS/project/heima_music/entry/build/default/intermediates/res/default/opt-compression.json":{"hashValue":"3900522fb44e580a7461462bc32dee87","name":"opt-compression.json","path":"/Users/megasu/Documents/HarmonyOS/project/heima_music/entry/build/default/intermediates/res/default/opt-compression.json","type":"file","isSymbolicLink":false,"fileMetaData":{"size":202,"lastModifiedTime":1721990597626}},"/Users/megasu/Documents/HarmonyOS/project/heima_music/entry/build/default/intermediates/loader/default/loader.json":{"hashValue":"667f58ba4ec6de954d022b1e0912038c","name":"loader.json","path":"/Users/megasu/Documents/HarmonyOS/project/heima_music/entry/build/default/intermediates/loader/default/loader.json","type":"file","isSymbolicLink":false,"fileMetaData":{"size":1278,"lastModifiedTime":1721992315702}},"/Users/megasu/Documents/HarmonyOS/project/heima_music/entry/build/default/intermediates/libs/default":{"hashValue":"","name":"default","path":"/Users/megasu/Documents/HarmonyOS/project/heima_music/entry/build/default/intermediates/libs/default","type":"directory","isSymbolicLink":false,"children":[]},"/Users/megasu/Documents/HarmonyOS/project/heima_music/entry/src/main/resources":{"hashValue":"19f0826b32965ed3da24fb40173e00d5","name":"resources","path":"/Users/megasu/Documents/HarmonyOS/project/heima_music/entry/src/main/resources","type":"directory","isSymbolicLink":false,"children":[{"hashValue":"60ad9a58b173d3e445ad621fbb3d4930","name":"base","path":"/Users/megasu/Documents/HarmonyOS/project/heima_music/entry/src/main/resources/base","type":"directory","isSymbolicLink":false,"children":[{"hashValue":"f990c08ebeba8d760648e2b4413cc91c","name":"element","path":"/Users/megasu/Documents/HarmonyOS/project/heima_music/entry/src/main/resources/base/element","type":"directory","isSymbolicLink":false,"children":[{"hashValue":"1dcdc2ba526800e34e37d940ab3dafed","name":"color.json","path":"/Users/megasu/Documents/HarmonyOS/project/heima_music/entry/src/main/resources/base/element/color.json","type":"file","isSymbolicLink":false,"fileMetaData":{"size":171,"lastModifiedTime":1721963922210}},{"hashValue":"04a9b5a0b4e1e7c8fc1d2f94e3eee8b2","name":"float.json","path":"/Users/megasu/Documents/HarmonyOS/project/heima_music/entry/src/main/resources/base/element/float.json","type":"file","isSymbolicLink":false,"fileMetaData":{"size":81,"lastModifiedTime":1721963921603}},{"hashValue":"9726eb4cfd76e0f00fbe2fd2de291b38","name":"string.json","path":"/Users/megasu/Documents/HarmonyOS/project/heima_music/entry/src/main/resources/base/element/string.json","type":"file","isSymbolicLink":false,"fileMetaData":{"size":573,"lastModifiedTime":1721963922208}}]},{"hashValue":"bcf38df43ba1497879c8796b0b02d0ee","name":"media","path":"/Users/megasu/Documents/HarmonyOS/project/heima_music/entry/src/main/resources/base/media","type":"directory","isSymbolicLink":false,"children":[{"hashValue":"800ca7f8d55cb7106568fc52f62246b5","name":"ad.jpg","path":"/Users/megasu/Documents/HarmonyOS/project/heima_music/entry/src/main/resources/base/media/ad.jpg","type":"file","isSymbolicLink":false,"fileMetaData":{"size":1188645,"lastModifiedTime":1721489504000}},{"hashValue":"84d8054b67ccc0e6f0855600cece447a","name":"background.png","path":"/Users/megasu/Documents/HarmonyOS/project/heima_music/entry/src/main/resources/base/media/background.png","type":"file","isSymbolicLink":false,"fileMetaData":{"size":9878,"lastModifiedTime":1721497150000}},{"hashValue":"6ba2d80217025fa91d6ec5f4ac6db605","name":"fixed_logo_0.png","path":"/Users/megasu/Documents/HarmonyOS/project/heima_music/entry/src/main/resources/base/media/fixed_logo_0.png","type":"file","isSymbolicLink":false,"fileMetaData":{"size":2530,"lastModifiedTime":1721995297759}},{"hashValue":"1518318fdd2f006b3bc13d6753818a6f","name":"foreground.png","path":"/Users/megasu/Documents/HarmonyOS/project/heima_music/entry/src/main/resources/base/media/foreground.png","type":"file","isSymbolicLink":false,"fileMetaData":{"size":17319,"lastModifiedTime":1721497050000}},{"hashValue":"dac43256da7377ba2bc5c9057a6ea233","name":"ic_auto.svg","path":"/Users/megasu/Documents/HarmonyOS/project/heima_music/entry/src/main/resources/base/media/ic_auto.svg","type":"file","isSymbolicLink":false,"fileMetaData":{"size":1743,"lastModifiedTime":1721489504000}},{"hashValue":"b7146b7846ba2c1ec9b82049c1b898b0","name":"ic_bells_o.svg","path":"/Users/megasu/Documents/HarmonyOS/project/heima_music/entry/src/main/resources/base/media/ic_bells_o.svg","type":"file","isSymbolicLink":false,"fileMetaData":{"size":16153,"lastModifiedTime":1721489504000}},{"hashValue":"a729aa358e76eb2a6e7709df201dece8","name":"ic_boy.svg","path":"/Users/megasu/Documents/HarmonyOS/project/heima_music/entry/src/main/resources/base/media/ic_boy.svg","type":"file","isSymbolicLink":false,"fileMetaData":{"size":3876,"lastModifiedTime":1721489504000}},{"hashValue":"e18de20f6e8dfec805e61246470d6e05","name":"ic_cd.png","path":"/Users/megasu/Documents/HarmonyOS/project/heima_music/entry/src/main/resources/base/media/ic_cd.png","type":"file","isSymbolicLink":false,"fileMetaData":{"size":26788,"lastModifiedTime":1721489504000}},{"hashValue":"de90d4d4e64183e4acf283f5a3ee4273","name":"ic_close.svg","path":"/Users/megasu/Documents/HarmonyOS/project/heima_music/entry/src/main/resources/base/media/ic_close.svg","type":"file","isSymbolicLink":false,"fileMetaData":{"size":518,"lastModifiedTime":1721489504000}},{"hashValue":"173fc60851dec13a4615f2569fe0b4d6","name":"ic_code.svg","path":"/Users/megasu/Documents/HarmonyOS/project/heima_music/entry/src/main/resources/base/media/ic_code.svg","type":"file","isSymbolicLink":false,"fileMetaData":{"size":3267,"lastModifiedTime":1721489504000}},{"hashValue":"f3d89014cbff0cad1ca618987fa7ef98","name":"ic_collect.svg","path":"/Users/megasu/Documents/HarmonyOS/project/heima_music/entry/src/main/resources/base/media/ic_collect.svg","type":"file","isSymbolicLink":false,"fileMetaData":{"size":1271,"lastModifiedTime":1721489504000}},{"hashValue":"0bb0c52dd3b69a188a4b2cfe95c66304","name":"ic_comment_o.svg","path":"/Users/megasu/Documents/HarmonyOS/project/heima_music/entry/src/main/resources/base/media/ic_comment_o.svg","type":"file","isSymbolicLink":false,"fileMetaData":{"size":2875,"lastModifiedTime":1721489504000}},{"hashValue":"f3ca3534a50d7e080e88ea725325380a","name":"ic_comment.svg","path":"/Users/megasu/Documents/HarmonyOS/project/heima_music/entry/src/main/resources/base/media/ic_comment.svg","type":"file","isSymbolicLink":false,"fileMetaData":{"size":1019,"lastModifiedTime":1721489504000}},{"hashValue":"56d20a5fc6a1e2e951d4bf4f5aa95ed5","name":"ic_download_o.svg","path":"/Users/megasu/Documents/HarmonyOS/project/heima_music/entry/src/main/resources/base/media/ic_download_o.svg","type":"file","isSymbolicLink":false,"fileMetaData":{"size":1607,"lastModifiedTime":1721489504000}},{"hashValue":"c32744aa4578f5ea721f815bafbfbc6c","name":"ic_favorite.svg","path":"/Users/megasu/Documents/HarmonyOS/project/heima_music/entry/src/main/resources/base/media/ic_favorite.svg","type":"file","isSymbolicLink":false,"fileMetaData":{"size":4953,"lastModifiedTime":1721489504000}},{"hashValue":"204657379e374e1c3794592db944b2ae","name":"ic_find.svg","path":"/Users/megasu/Documents/HarmonyOS/project/heima_music/entry/src/main/resources/base/media/ic_find.svg","type":"file","isSymbolicLink":false,"fileMetaData":{"size":2655,"lastModifiedTime":1721489504000}},{"hashValue":"eac1c3864973559b645f9eebf8dbe0ba","name":"ic_like.svg","path":"/Users/megasu/Documents/HarmonyOS/project/heima_music/entry/src/main/resources/base/media/ic_like.svg","type":"file","isSymbolicLink":false,"fileMetaData":{"size":1900,"lastModifiedTime":1721489504000}},{"hashValue":"2b090853acfd7470d0c774957557b19f","name":"ic_logo.svg","path":"/Users/megasu/Documents/HarmonyOS/project/heima_music/entry/src/main/resources/base/media/ic_logo.svg","type":"file","isSymbolicLink":false,"fileMetaData":{"size":1882,"lastModifiedTime":1721489504000}},{"hashValue":"a5aec3f6a155c363f58dad088074dcfa","name":"ic_mine.svg","path":"/Users/megasu/Documents/HarmonyOS/project/heima_music/entry/src/main/resources/base/media/ic_mine.svg","type":"file","isSymbolicLink":false,"fileMetaData":{"size":1479,"lastModifiedTime":1721489504000}},{"hashValue":"573da2ad0e4cb35c1cfcd7d47d6eb448","name":"ic_moment.svg","path":"/Users/megasu/Documents/HarmonyOS/project/heima_music/entry/src/main/resources/base/media/ic_moment.svg","type":"file","isSymbolicLink":false,"fileMetaData":{"size":1575,"lastModifiedTime":1721489504000}},{"hashValue":"d6b30f8bbb4f717c235581d6ad078a55","name":"ic_more.svg","path":"/Users/megasu/Documents/HarmonyOS/project/heima_music/entry/src/main/resources/base/media/ic_more.svg","type":"file","isSymbolicLink":false,"fileMetaData":{"size":646,"lastModifiedTime":1721489504000}},{"hashValue":"1c60ffd0e2deb37972417494d1ea8af0","name":"ic_next.svg","path":"/Users/megasu/Documents/HarmonyOS/project/heima_music/entry/src/main/resources/base/media/ic_next.svg","type":"file","isSymbolicLink":false,"fileMetaData":{"size":894,"lastModifiedTime":1721489504000}},{"hashValue":"8ba840bbd22cc29fb5318ce2a0c00ab5","name":"ic_paused.svg","path":"/Users/megasu/Documents/HarmonyOS/project/heima_music/entry/src/main/resources/base/media/ic_paused.svg","type":"file","isSymbolicLink":false,"fileMetaData":{"size":591,"lastModifiedTime":1721489504000}},{"hashValue":"f1718788b4e04e78266deb9318772094","name":"ic_play.svg","path":"/Users/megasu/Documents/HarmonyOS/project/heima_music/entry/src/main/resources/base/media/ic_play.svg","type":"file","isSymbolicLink":false,"fileMetaData":{"size":761,"lastModifiedTime":1721489504000}},{"hashValue":"9466d17a4ae4a41bd73193c0a3d3a756","name":"ic_playing.gif","path":"/Users/megasu/Documents/HarmonyOS/project/heima_music/entry/src/main/resources/base/media/ic_playing.gif","type":"file","isSymbolicLink":false,"fileMetaData":{"size":67317,"lastModifiedTime":1721489504000}},{"hashValue":"c29e49f0e84ea1c9160dabb435e57f98","name":"ic_prev.svg","path":"/Users/megasu/Documents/HarmonyOS/project/heima_music/entry/src/main/resources/base/media/ic_prev.svg","type":"file","isSymbolicLink":false,"fileMetaData":{"size":893,"lastModifiedTime":1721489504000}},{"hashValue":"8fcfca43078f6f93aac0654c6d9ce1fc","name":"ic_random.svg","path":"/Users/megasu/Documents/HarmonyOS/project/heima_music/entry/src/main/resources/base/media/ic_random.svg","type":"file","isSymbolicLink":false,"fileMetaData":{"size":1491,"lastModifiedTime":1721489504000}},{"hashValue":"5af90862aaa5685dd07d15026f1595da","name":"ic_recommend.svg","path":"/Users/megasu/Documents/HarmonyOS/project/heima_music/entry/src/main/resources/base/media/ic_recommend.svg","type":"file","isSymbolicLink":false,"fileMetaData":{"size":2520,"lastModifiedTime":1721489504000}},{"hashValue":"5cc6f5c47755aa06f562ddf056cd7dff","name":"ic_repeat.svg","path":"/Users/megasu/Documents/HarmonyOS/project/heima_music/entry/src/main/resources/base/media/ic_repeat.svg","type":"file","isSymbolicLink":false,"fileMetaData":{"size":1295,"lastModifiedTime":1721489504000}},{"hashValue":"d319b183273a895d8d1d978df0b5f1ae","name":"ic_search.svg","path":"/Users/megasu/Documents/HarmonyOS/project/heima_music/entry/src/main/resources/base/media/ic_search.svg","type":"file","isSymbolicLink":false,"fileMetaData":{"size":1804,"lastModifiedTime":1721489504000}},{"hashValue":"f3a37d464cbdd8e1e15a9a4b033bae9b","name":"ic_share.svg","path":"/Users/megasu/Documents/HarmonyOS/project/heima_music/entry/src/main/resources/base/media/ic_share.svg","type":"file","isSymbolicLink":false,"fileMetaData":{"size":981,"lastModifiedTime":1721489504000}},{"hashValue":"628353edd5a55dbf95071e71551322fc","name":"ic_sing.svg","path":"/Users/megasu/Documents/HarmonyOS/project/heima_music/entry/src/main/resources/base/media/ic_sing.svg","type":"file","isSymbolicLink":false,"fileMetaData":{"size":1320,"lastModifiedTime":1721489504000}},{"hashValue":"9e304a15cbdef255562f28a1f042f9e7","name":"ic_single_play.svg","path":"/Users/megasu/Documents/HarmonyOS/project/heima_music/entry/src/main/resources/base/media/ic_single_play.svg","type":"file","isSymbolicLink":false,"fileMetaData":{"size":1741,"lastModifiedTime":1721489504000}},{"hashValue":"611ff2e226f4f3aefe52df3454ee25a3","name":"ic_song_list.svg","path":"/Users/megasu/Documents/HarmonyOS/project/heima_music/entry/src/main/resources/base/media/ic_song_list.svg","type":"file","isSymbolicLink":false,"fileMetaData":{"size":1267,"lastModifiedTime":1721489504000}},{"hashValue":"bc0998d37c06687629f09c7cc50e467f","name":"ic_stylus.png","path":"/Users/megasu/Documents/HarmonyOS/project/heima_music/entry/src/main/resources/base/media/ic_stylus.png","type":"file","isSymbolicLink":false,"fileMetaData":{"size":55484,"lastModifiedTime":1721489504000}},{"hashValue":"db735590ad133c46a6e4314bbe50bf51","name":"ic_vip.png","path":"/Users/megasu/Documents/HarmonyOS/project/heima_music/entry/src/main/resources/base/media/ic_vip.png","type":"file","isSymbolicLink":false,"fileMetaData":{"size":5791,"lastModifiedTime":1721489504000}},{"hashValue":"28322e1eb211876e7750d7ee437ad19b","name":"icon_lib_213.svg","path":"/Users/megasu/Documents/HarmonyOS/project/heima_music/entry/src/main/resources/base/media/icon_lib_213.svg","type":"file","isSymbolicLink":false,"fileMetaData":{"size":3604,"lastModifiedTime":1721995297759}},{"hashValue":"3402ef2bb07abb2a42e686dba96d2e2b","name":"layered_image.json","path":"/Users/megasu/Documents/HarmonyOS/project/heima_music/entry/src/main/resources/base/media/layered_image.json","type":"file","isSymbolicLink":false,"fileMetaData":{"size":109,"lastModifiedTime":1721496238000}},{"hashValue":"5279cf731799b58dd85654c528645189","name":"logo.png","path":"/Users/megasu/Documents/HarmonyOS/project/heima_music/entry/src/main/resources/base/media/logo.png","type":"file","isSymbolicLink":false,"fileMetaData":{"size":26320,"lastModifiedTime":1721489504000}},{"hashValue":"5413550ec229df02a2a5fd0be2c64f83","name":"random_background_8.png","path":"/Users/megasu/Documents/HarmonyOS/project/heima_music/entry/src/main/resources/base/media/random_background_8.png","type":"file","isSymbolicLink":false,"fileMetaData":{"size":9120,"lastModifiedTime":1721995297760}},{"hashValue":"444f9132cfe2878f9565aaa5922be474","name":"startIcon.png","path":"/Users/megasu/Documents/HarmonyOS/project/heima_music/entry/src/main/resources/base/media/startIcon.png","type":"file","isSymbolicLink":false,"fileMetaData":{"size":26320,"lastModifiedTime":1721489504000}},{"hashValue":"fdd2ee1b174341fafc30b5aa2055a887","name":"story.jpg","path":"/Users/megasu/Documents/HarmonyOS/project/heima_music/entry/src/main/resources/base/media/story.jpg","type":"file","isSymbolicLink":false,"fileMetaData":{"size":16888,"lastModifiedTime":1721536042000}}]},{"hashValue":"11f8a4987a004d800210c744e7f3079d","name":"profile","path":"/Users/megasu/Documents/HarmonyOS/project/heima_music/entry/src/main/resources/base/profile","type":"directory","isSymbolicLink":false,"children":[{"hashValue":"30684b57e9cc4722b8e5c0d65b4faf71","name":"backup_config.json","path":"/Users/megasu/Documents/HarmonyOS/project/heima_music/entry/src/main/resources/base/profile/backup_config.json","type":"file","isSymbolicLink":false,"fileMetaData":{"size":34,"lastModifiedTime":1721868475167}},{"hashValue":"d8ff228b2e5b83319819aacf0de98d1a","name":"form_config.json","path":"/Users/megasu/Documents/HarmonyOS/project/heima_music/entry/src/main/resources/base/profile/form_config.json","type":"file","isSymbolicLink":false,"fileMetaData":{"size":1102,"lastModifiedTime":1721995312682}},{"hashValue":"8b19162cbee50fc348624dcf9fb826e2","name":"main_pages.json","path":"/Users/megasu/Documents/HarmonyOS/project/heima_music/entry/src/main/resources/base/profile/main_pages.json","type":"file","isSymbolicLink":false,"fileMetaData":{"size":109,"lastModifiedTime":1721868475167}}]}]},{"hashValue":"94a35dac1da955d136a18368a669e771","name":"en_US","path":"/Users/megasu/Documents/HarmonyOS/project/heima_music/entry/src/main/resources/en_US","type":"directory","isSymbolicLink":false,"children":[{"hashValue":"26370e93d41ddac7e4ca2b035b7a20ff","name":"element","path":"/Users/megasu/Documents/HarmonyOS/project/heima_music/entry/src/main/resources/en_US/element","type":"directory","isSymbolicLink":false,"children":[{"hashValue":"2d316d2fea0108d0f01eab483e664bcb","name":"string.json","path":"/Users/megasu/Documents/HarmonyOS/project/heima_music/entry/src/main/resources/en_US/element/string.json","type":"file","isSymbolicLink":false,"fileMetaData":{"size":579,"lastModifiedTime":1721964696281}}]}]},{"hashValue":"","name":"rawfile","path":"/Users/megasu/Documents/HarmonyOS/project/heima_music/entry/src/main/resources/rawfile","type":"directory","isSymbolicLink":false,"children":[]},{"hashValue":"4f28b6d7f0b136871e2e2b454ca9dc4e","name":"zh_CN","path":"/Users/megasu/Documents/HarmonyOS/project/heima_music/entry/src/main/resources/zh_CN","type":"directory","isSymbolicLink":false,"children":[{"hashValue":"bbb7f3baca5f8426b7942fa9654658a9","name":"element","path":"/Users/megasu/Documents/HarmonyOS/project/heima_music/entry/src/main/resources/zh_CN/element","type":"directory","isSymbolicLink":false,"children":[{"hashValue":"54adf16cc0c3a495450c6abd380e1290","name":"string.json","path":"/Users/megasu/Documents/HarmonyOS/project/heima_music/entry/src/main/resources/zh_CN/element/string.json","type":"file","isSymbolicLink":false,"fileMetaData":{"size":577,"lastModifiedTime":1721964696277}}]}]}]},"/Users/megasu/Documents/HarmonyOS/project/heima_music/AppScope/resources":{"hashValue":"7f9a5a422a5c805d685080bd54af7221","name":"resources","path":"/Users/megasu/Documents/HarmonyOS/project/heima_music/AppScope/resources","type":"directory","isSymbolicLink":false,"children":[{"hashValue":"f41e60bb9b58cccbcc5419168f3ec187","name":"base","path":"/Users/megasu/Documents/HarmonyOS/project/heima_music/AppScope/resources/base","type":"directory","isSymbolicLink":false,"children":[{"hashValue":"ae2703a09a82827c050fa1c4f2e31e68","name":"element","path":"/Users/megasu/Documents/HarmonyOS/project/heima_music/AppScope/resources/base/element","type":"directory","isSymbolicLink":false,"children":[{"hashValue":"3aa8069dd6723a84cd2b439e121ea464","name":"string.json","path":"/Users/megasu/Documents/HarmonyOS/project/heima_music/AppScope/resources/base/element/string.json","type":"file","isSymbolicLink":false,"fileMetaData":{"size":93,"lastModifiedTime":1721964437499}}]},{"hashValue":"fbd7dced1e538abfe19a7168f6567635","name":"media","path":"/Users/megasu/Documents/HarmonyOS/project/heima_music/AppScope/resources/base/media","type":"directory","isSymbolicLink":false,"children":[{"hashValue":"0993316ff7e06e1173e6f22f125e6d74","name":"app_icon.png","path":"/Users/megasu/Documents/HarmonyOS/project/heima_music/AppScope/resources/base/media/app_icon.png","type":"file","isSymbolicLink":false,"fileMetaData":{"size":2777,"lastModifiedTime":1721613587438}}]}]}]},"/Users/megasu/Documents/HarmonyOS/project/heima_music/entry/build/default/intermediates/res/default":{"hashValue":"bc1f549e0f83410e5123daa687e85c2f","name":"default","path":"/Users/megasu/Documents/HarmonyOS/project/heima_music/entry/build/default/intermediates/res/default","type":"directory","isSymbolicLink":false,"children":[{"hashValue":"100bc432347d1780702094a9747d4eac","name":"ids_map","path":"/Users/megasu/Documents/HarmonyOS/project/heima_music/entry/build/default/intermediates/res/default/ids_map","type":"directory","isSymbolicLink":false,"children":[{"hashValue":"e0b51e6d99aa317bc3f8a37e3657ef37","name":"id_defined.json","path":"/Users/megasu/Documents/HarmonyOS/project/heima_music/entry/build/default/intermediates/res/default/ids_map/id_defined.json","type":"file","isSymbolicLink":false,"fileMetaData":{"size":4267,"lastModifiedTime":1721995317615}}]},{"hashValue":"c6ac3e48e296220d853b89b9c32503a4","name":"module.json","path":"/Users/megasu/Documents/HarmonyOS/project/heima_music/entry/build/default/intermediates/res/default/module.json","type":"file","isSymbolicLink":false,"fileMetaData":{"size":2401,"lastModifiedTime":1721995317614}},{"hashValue":"3900522fb44e580a7461462bc32dee87","name":"opt-compression.json","path":"/Users/megasu/Documents/HarmonyOS/project/heima_music/entry/build/default/intermediates/res/default/opt-compression.json","type":"file","isSymbolicLink":false,"fileMetaData":{"size":202,"lastModifiedTime":1721990597626}},{"hashValue":"178da3d41d855a18957688b01d4ff220","name":"resConfig.json","path":"/Users/megasu/Documents/HarmonyOS/project/heima_music/entry/build/default/intermediates/res/default/resConfig.json","type":"file","isSymbolicLink":false,"fileMetaData":{"size":1179,"lastModifiedTime":1721990597626}},{"hashValue":"711aa4d3083c75d685601bd0052d4595","name":"resources","path":"/Users/megasu/Documents/HarmonyOS/project/heima_music/entry/build/default/intermediates/res/default/resources","type":"directory","isSymbolicLink":false,"children":[{"hashValue":"7eb1b45c7030b422a9493c69a796decd","name":"base","path":"/Users/megasu/Documents/HarmonyOS/project/heima_music/entry/build/default/intermediates/res/default/resources/base","type":"directory","isSymbolicLink":false,"children":[{"hashValue":"c2b8ae6d8aa3bab363552e2a0a991f85","name":"media","path":"/Users/megasu/Documents/HarmonyOS/project/heima_music/entry/build/default/intermediates/res/default/resources/base/media","type":"directory","isSymbolicLink":false,"children":[{"hashValue":"0b495f86861620f717c121a07647344a","name":"ad.jpg","path":"/Users/megasu/Documents/HarmonyOS/project/heima_music/entry/build/default/intermediates/res/default/resources/base/media/ad.jpg","type":"file","isSymbolicLink":false,"fileMetaData":{"size":1188645,"lastModifiedTime":1721995317598}},{"hashValue":"154cdef28296f308dd632dce883fb988","name":"app_icon.png","path":"/Users/megasu/Documents/HarmonyOS/project/heima_music/entry/build/default/intermediates/res/default/resources/base/media/app_icon.png","type":"file","isSymbolicLink":false,"fileMetaData":{"size":2777,"lastModifiedTime":1721995317591}},{"hashValue":"f452e995decc6630b657613f1b9a8156","name":"background.png","path":"/Users/megasu/Documents/HarmonyOS/project/heima_music/entry/build/default/intermediates/res/default/resources/base/media/background.png","type":"file","isSymbolicLink":false,"fileMetaData":{"size":9878,"lastModifiedTime":1721995317600}},{"hashValue":"f5deea60661482ab87ce5b5d1ca2775a","name":"fixed_logo_0.png","path":"/Users/megasu/Documents/HarmonyOS/project/heima_music/entry/build/default/intermediates/res/default/resources/base/media/fixed_logo_0.png","type":"file","isSymbolicLink":false,"fileMetaData":{"size":2530,"lastModifiedTime":1721995317600}},{"hashValue":"f3330923ea0123ebd2cb127680f8d235","name":"foreground.png","path":"/Users/megasu/Documents/HarmonyOS/project/heima_music/entry/build/default/intermediates/res/default/resources/base/media/foreground.png","type":"file","isSymbolicLink":false,"fileMetaData":{"size":17319,"lastModifiedTime":1721995317600}},{"hashValue":"cdfec88bb21d74714fc32eec8069f392","name":"ic_auto.svg","path":"/Users/megasu/Documents/HarmonyOS/project/heima_music/entry/build/default/intermediates/res/default/resources/base/media/ic_auto.svg","type":"file","isSymbolicLink":false,"fileMetaData":{"size":1743,"lastModifiedTime":1721995317601}},{"hashValue":"0b7750319bc3d07a0e433e8785d343aa","name":"ic_bells_o.svg","path":"/Users/megasu/Documents/HarmonyOS/project/heima_music/entry/build/default/intermediates/res/default/resources/base/media/ic_bells_o.svg","type":"file","isSymbolicLink":false,"fileMetaData":{"size":16153,"lastModifiedTime":1721995317601}},{"hashValue":"2d33777df27e01e7d8466e5b9e4b6806","name":"ic_boy.svg","path":"/Users/megasu/Documents/HarmonyOS/project/heima_music/entry/build/default/intermediates/res/default/resources/base/media/ic_boy.svg","type":"file","isSymbolicLink":false,"fileMetaData":{"size":3876,"lastModifiedTime":1721995317602}},{"hashValue":"597c6481d238a537a35b8b4d306019e7","name":"ic_cd.png","path":"/Users/megasu/Documents/HarmonyOS/project/heima_music/entry/build/default/intermediates/res/default/resources/base/media/ic_cd.png","type":"file","isSymbolicLink":false,"fileMetaData":{"size":26788,"lastModifiedTime":1721995317602}},{"hashValue":"84157bc4ad65f812e6d25076ce57af38","name":"ic_close.svg","path":"/Users/megasu/Documents/HarmonyOS/project/heima_music/entry/build/default/intermediates/res/default/resources/base/media/ic_close.svg","type":"file","isSymbolicLink":false,"fileMetaData":{"size":518,"lastModifiedTime":1721995317602}},{"hashValue":"5841eee1a2bf7e8ff1657b1b27975b07","name":"ic_code.svg","path":"/Users/megasu/Documents/HarmonyOS/project/heima_music/entry/build/default/intermediates/res/default/resources/base/media/ic_code.svg","type":"file","isSymbolicLink":false,"fileMetaData":{"size":3267,"lastModifiedTime":1721995317603}},{"hashValue":"2e91222995fa63d59dc4f178f6037fad","name":"ic_collect.svg","path":"/Users/megasu/Documents/HarmonyOS/project/heima_music/entry/build/default/intermediates/res/default/resources/base/media/ic_collect.svg","type":"file","isSymbolicLink":false,"fileMetaData":{"size":1271,"lastModifiedTime":1721995317603}},{"hashValue":"5f4aa0d8f1306bbf029994f0bcfa87d2","name":"ic_comment_o.svg","path":"/Users/megasu/Documents/HarmonyOS/project/heima_music/entry/build/default/intermediates/res/default/resources/base/media/ic_comment_o.svg","type":"file","isSymbolicLink":false,"fileMetaData":{"size":2875,"lastModifiedTime":1721995317604}},{"hashValue":"dd54e93f94875e753b7ba5646c65a0a4","name":"ic_comment.svg","path":"/Users/megasu/Documents/HarmonyOS/project/heima_music/entry/build/default/intermediates/res/default/resources/base/media/ic_comment.svg","type":"file","isSymbolicLink":false,"fileMetaData":{"size":1019,"lastModifiedTime":1721995317603}},{"hashValue":"550027718ce6233714b438d8c4308984","name":"ic_download_o.svg","path":"/Users/megasu/Documents/HarmonyOS/project/heima_music/entry/build/default/intermediates/res/default/resources/base/media/ic_download_o.svg","type":"file","isSymbolicLink":false,"fileMetaData":{"size":1607,"lastModifiedTime":1721995317604}},{"hashValue":"e5d172c576fa692b046ade4d1d410b1a","name":"ic_favorite.svg","path":"/Users/megasu/Documents/HarmonyOS/project/heima_music/entry/build/default/intermediates/res/default/resources/base/media/ic_favorite.svg","type":"file","isSymbolicLink":false,"fileMetaData":{"size":4953,"lastModifiedTime":1721995317604}},{"hashValue":"ea75dfdaf5689c2a91ac6549f8e833f9","name":"ic_find.svg","path":"/Users/megasu/Documents/HarmonyOS/project/heima_music/entry/build/default/intermediates/res/default/resources/base/media/ic_find.svg","type":"file","isSymbolicLink":false,"fileMetaData":{"size":2655,"lastModifiedTime":1721995317605}},{"hashValue":"2eb4b8bb757c0425bed3d7d45e7a449e","name":"ic_like.svg","path":"/Users/megasu/Documents/HarmonyOS/project/heima_music/entry/build/default/intermediates/res/default/resources/base/media/ic_like.svg","type":"file","isSymbolicLink":false,"fileMetaData":{"size":1900,"lastModifiedTime":1721995317605}},{"hashValue":"a2b698913bf2e4907aba536e5061c12c","name":"ic_logo.svg","path":"/Users/megasu/Documents/HarmonyOS/project/heima_music/entry/build/default/intermediates/res/default/resources/base/media/ic_logo.svg","type":"file","isSymbolicLink":false,"fileMetaData":{"size":1882,"lastModifiedTime":1721995317605}},{"hashValue":"f5ce259db2486e3c685859bb8a40dc97","name":"ic_mine.svg","path":"/Users/megasu/Documents/HarmonyOS/project/heima_music/entry/build/default/intermediates/res/default/resources/base/media/ic_mine.svg","type":"file","isSymbolicLink":false,"fileMetaData":{"size":1479,"lastModifiedTime":1721995317605}},{"hashValue":"ee43caf88d70c502bece4dfe330e3e6c","name":"ic_moment.svg","path":"/Users/megasu/Documents/HarmonyOS/project/heima_music/entry/build/default/intermediates/res/default/resources/base/media/ic_moment.svg","type":"file","isSymbolicLink":false,"fileMetaData":{"size":1575,"lastModifiedTime":1721995317606}},{"hashValue":"899f361e37e57c77c678fcd44838798c","name":"ic_more.svg","path":"/Users/megasu/Documents/HarmonyOS/project/heima_music/entry/build/default/intermediates/res/default/resources/base/media/ic_more.svg","type":"file","isSymbolicLink":false,"fileMetaData":{"size":646,"lastModifiedTime":1721995317606}},{"hashValue":"4a46c48384b37eef242248fa4f2d4b71","name":"ic_next.svg","path":"/Users/megasu/Documents/HarmonyOS/project/heima_music/entry/build/default/intermediates/res/default/resources/base/media/ic_next.svg","type":"file","isSymbolicLink":false,"fileMetaData":{"size":894,"lastModifiedTime":1721995317606}},{"hashValue":"82cb75c9565977b9bc82b3904f27d943","name":"ic_paused.svg","path":"/Users/megasu/Documents/HarmonyOS/project/heima_music/entry/build/default/intermediates/res/default/resources/base/media/ic_paused.svg","type":"file","isSymbolicLink":false,"fileMetaData":{"size":591,"lastModifiedTime":1721995317606}},{"hashValue":"180e77be5d5ee95f9c98fec69f9a0768","name":"ic_play.svg","path":"/Users/megasu/Documents/HarmonyOS/project/heima_music/entry/build/default/intermediates/res/default/resources/base/media/ic_play.svg","type":"file","isSymbolicLink":false,"fileMetaData":{"size":761,"lastModifiedTime":1721995317606}},{"hashValue":"52a414412220ca17db626c0df442c027","name":"ic_playing.gif","path":"/Users/megasu/Documents/HarmonyOS/project/heima_music/entry/build/default/intermediates/res/default/resources/base/media/ic_playing.gif","type":"file","isSymbolicLink":false,"fileMetaData":{"size":67317,"lastModifiedTime":1721995317607}},{"hashValue":"e376175e6df9154a4aa0631e29bcbdbc","name":"ic_prev.svg","path":"/Users/megasu/Documents/HarmonyOS/project/heima_music/entry/build/default/intermediates/res/default/resources/base/media/ic_prev.svg","type":"file","isSymbolicLink":false,"fileMetaData":{"size":893,"lastModifiedTime":1721995317607}},{"hashValue":"566c4fad9a13325106f9ea76bdc968b2","name":"ic_random.svg","path":"/Users/megasu/Documents/HarmonyOS/project/heima_music/entry/build/default/intermediates/res/default/resources/base/media/ic_random.svg","type":"file","isSymbolicLink":false,"fileMetaData":{"size":1491,"lastModifiedTime":1721995317608}},{"hashValue":"aa4600ceacf4e825237f9955292f31b9","name":"ic_recommend.svg","path":"/Users/megasu/Documents/HarmonyOS/project/heima_music/entry/build/default/intermediates/res/default/resources/base/media/ic_recommend.svg","type":"file","isSymbolicLink":false,"fileMetaData":{"size":2520,"lastModifiedTime":1721995317608}},{"hashValue":"024a85646ebd5fb82f806ffd65ddb08a","name":"ic_repeat.svg","path":"/Users/megasu/Documents/HarmonyOS/project/heima_music/entry/build/default/intermediates/res/default/resources/base/media/ic_repeat.svg","type":"file","isSymbolicLink":false,"fileMetaData":{"size":1295,"lastModifiedTime":1721995317608}},{"hashValue":"862fe8bccdd9c80181e21610361692c4","name":"ic_search.svg","path":"/Users/megasu/Documents/HarmonyOS/project/heima_music/entry/build/default/intermediates/res/default/resources/base/media/ic_search.svg","type":"file","isSymbolicLink":false,"fileMetaData":{"size":1804,"lastModifiedTime":1721995317608}},{"hashValue":"d71536a6fe7d7c744418966ba4c2e3be","name":"ic_share.svg","path":"/Users/megasu/Documents/HarmonyOS/project/heima_music/entry/build/default/intermediates/res/default/resources/base/media/ic_share.svg","type":"file","isSymbolicLink":false,"fileMetaData":{"size":981,"lastModifiedTime":1721995317608}},{"hashValue":"67de9ca74c5aed121a8e16350d7c1e5b","name":"ic_sing.svg","path":"/Users/megasu/Documents/HarmonyOS/project/heima_music/entry/build/default/intermediates/res/default/resources/base/media/ic_sing.svg","type":"file","isSymbolicLink":false,"fileMetaData":{"size":1320,"lastModifiedTime":1721995317608}},{"hashValue":"9e471e3eb1b5cee90768e01b6dea48d2","name":"ic_single_play.svg","path":"/Users/megasu/Documents/HarmonyOS/project/heima_music/entry/build/default/intermediates/res/default/resources/base/media/ic_single_play.svg","type":"file","isSymbolicLink":false,"fileMetaData":{"size":1741,"lastModifiedTime":1721995317608}},{"hashValue":"70b442765b71bd2f3acfdccb071c910a","name":"ic_song_list.svg","path":"/Users/megasu/Documents/HarmonyOS/project/heima_music/entry/build/default/intermediates/res/default/resources/base/media/ic_song_list.svg","type":"file","isSymbolicLink":false,"fileMetaData":{"size":1267,"lastModifiedTime":1721995317608}},{"hashValue":"f03d77082cc9e2f95fb1f304329568e5","name":"ic_stylus.png","path":"/Users/megasu/Documents/HarmonyOS/project/heima_music/entry/build/default/intermediates/res/default/resources/base/media/ic_stylus.png","type":"file","isSymbolicLink":false,"fileMetaData":{"size":55484,"lastModifiedTime":1721995317609}},{"hashValue":"72df02d7527104a047eee38a4ab426f7","name":"ic_vip.png","path":"/Users/megasu/Documents/HarmonyOS/project/heima_music/entry/build/default/intermediates/res/default/resources/base/media/ic_vip.png","type":"file","isSymbolicLink":false,"fileMetaData":{"size":5791,"lastModifiedTime":1721995317610}},{"hashValue":"b921b76ec0b32bb82f881d9fba899f53","name":"icon_lib_213.svg","path":"/Users/megasu/Documents/HarmonyOS/project/heima_music/entry/build/default/intermediates/res/default/resources/base/media/icon_lib_213.svg","type":"file","isSymbolicLink":false,"fileMetaData":{"size":3604,"lastModifiedTime":1721995317610}},{"hashValue":"5feb00aaccad7c3cba9513337382c549","name":"layered_image.json","path":"/Users/megasu/Documents/HarmonyOS/project/heima_music/entry/build/default/intermediates/res/default/resources/base/media/layered_image.json","type":"file","isSymbolicLink":false,"fileMetaData":{"size":95,"lastModifiedTime":1721995317614}},{"hashValue":"d33cf39509508f6da21d2bdc3d55431c","name":"logo.png","path":"/Users/megasu/Documents/HarmonyOS/project/heima_music/entry/build/default/intermediates/res/default/resources/base/media/logo.png","type":"file","isSymbolicLink":false,"fileMetaData":{"size":26320,"lastModifiedTime":1721995317611}},{"hashValue":"f11907847d52a378abb9abe6d476597a","name":"random_background_8.png","path":"/Users/megasu/Documents/HarmonyOS/project/heima_music/entry/build/default/intermediates/res/default/resources/base/media/random_background_8.png","type":"file","isSymbolicLink":false,"fileMetaData":{"size":9120,"lastModifiedTime":1721995317611}},{"hashValue":"991c17d0c21837b5c0218b2d8eae0af4","name":"startIcon.png","path":"/Users/megasu/Documents/HarmonyOS/project/heima_music/entry/build/default/intermediates/res/default/resources/base/media/startIcon.png","type":"file","isSymbolicLink":false,"fileMetaData":{"size":26320,"lastModifiedTime":1721995317612}},{"hashValue":"f06ccc70a34d972b74e85131322c0072","name":"story.jpg","path":"/Users/megasu/Documents/HarmonyOS/project/heima_music/entry/build/default/intermediates/res/default/resources/base/media/story.jpg","type":"file","isSymbolicLink":false,"fileMetaData":{"size":16888,"lastModifiedTime":1721995317613}}]},{"hashValue":"fe1d322aa32e2c824a0d97fee1ee792d","name":"profile","path":"/Users/megasu/Documents/HarmonyOS/project/heima_music/entry/build/default/intermediates/res/default/resources/base/profile","type":"directory","isSymbolicLink":false,"children":[{"hashValue":"a10669fe6384eb036dcc7b40d4702c75","name":"backup_config.json","path":"/Users/megasu/Documents/HarmonyOS/project/heima_music/entry/build/default/intermediates/res/default/resources/base/profile/backup_config.json","type":"file","isSymbolicLink":false,"fileMetaData":{"size":34,"lastModifiedTime":1721995317613}},{"hashValue":"d96070417ca7461943bd9af4c3719efb","name":"form_config.json","path":"/Users/megasu/Documents/HarmonyOS/project/heima_music/entry/build/default/intermediates/res/default/resources/base/profile/form_config.json","type":"file","isSymbolicLink":false,"fileMetaData":{"size":936,"lastModifiedTime":1721995317614}},{"hashValue":"5ed4f419d71e691626d98f0a9a20769f","name":"main_pages.json","path":"/Users/megasu/Documents/HarmonyOS/project/heima_music/entry/build/default/intermediates/res/default/resources/base/profile/main_pages.json","type":"file","isSymbolicLink":false,"fileMetaData":{"size":109,"lastModifiedTime":1721995317614}}]}]},{"hashValue":"","name":"rawfile","path":"/Users/megasu/Documents/HarmonyOS/project/heima_music/entry/build/default/intermediates/res/default/resources/rawfile","type":"directory","isSymbolicLink":false,"children":[]}]},{"hashValue":"4e4a8feccf1193d6fa7ed3efaa69007d","name":"resources.index","path":"/Users/megasu/Documents/HarmonyOS/project/heima_music/entry/build/default/intermediates/res/default/resources.index","type":"file","isSymbolicLink":false,"fileMetaData":{"size":5072,"lastModifiedTime":1721995317615}},{"hashValue":"7b65497b3ab1b73c125e1fac4f8621b1","name":"ResourceTable.txt","path":"/Users/megasu/Documents/HarmonyOS/project/heima_music/entry/build/default/intermediates/res/default/ResourceTable.txt","type":"file","isSymbolicLink":false,"fileMetaData":{"size":1629,"lastModifiedTime":1721995317614}}]},"/Users/megasu/Documents/HarmonyOS/project/heima_music/entry/build/default/generated/r/default/ResourceTable.h":{"hashValue":"f2f84752c8795afa005a0c328ab42e49","name":"ResourceTable.h","path":"/Users/megasu/Documents/HarmonyOS/project/heima_music/entry/build/default/generated/r/default/ResourceTable.h","type":"file","isSymbolicLink":false,"fileMetaData":{"size":3304,"lastModifiedTime":1721995317614}},"/Users/megasu/Documents/HarmonyOS/project/heima_music/entry/build/default/generated/r/default":{"hashValue":"e379a4cfb1eddbba738987c205f8cc77","name":"default","path":"/Users/megasu/Documents/HarmonyOS/project/heima_music/entry/build/default/generated/r/default","type":"directory","isSymbolicLink":false,"children":[{"hashValue":"f2f84752c8795afa005a0c328ab42e49","name":"ResourceTable.h","path":"/Users/megasu/Documents/HarmonyOS/project/heima_music/entry/build/default/generated/r/default/ResourceTable.h","type":"file","isSymbolicLink":false,"fileMetaData":{"size":3304,"lastModifiedTime":1721995317614}}]},"/Users/megasu/Documents/HarmonyOS/project/heima_music/entry/build/default/intermediates/loader/default":{"hashValue":"c51ac3163664a074be319d9ebc3100a9","name":"default","path":"/Users/megasu/Documents/HarmonyOS/project/heima_music/entry/build/default/intermediates/loader/default","type":"directory","isSymbolicLink":false,"children":[{"hashValue":"667f58ba4ec6de954d022b1e0912038c","name":"loader.json","path":"/Users/megasu/Documents/HarmonyOS/project/heima_music/entry/build/default/intermediates/loader/default/loader.json","type":"file","isSymbolicLink":false,"fileMetaData":{"size":1278,"lastModifiedTime":1721992315702}}]},"/Users/megasu/Documents/HarmonyOS/project/heima_music/entry/build/default/intermediates/res/default/resources/rawfile":{"hashValue":"","name":"rawfile","path":"/Users/megasu/Documents/HarmonyOS/project/heima_music/entry/build/default/intermediates/res/default/resources/rawfile","type":"directory","isSymbolicLink":false,"children":[]},"/Users/megasu/Documents/HarmonyOS/project/heima_music/entry/build/default/intermediates/res/default/ResourceTable.txt":{"hashValue":"7b65497b3ab1b73c125e1fac4f8621b1","name":"ResourceTable.txt","path":"/Users/megasu/Documents/HarmonyOS/project/heima_music/entry/build/default/intermediates/res/default/ResourceTable.txt","type":"file","isSymbolicLink":false,"fileMetaData":{"size":1629,"lastModifiedTime":1721995317614}},"/Users/megasu/Documents/HarmonyOS/project/heima_music/entry/build/default/intermediates/res/default/module.json":{"hashValue":"c6ac3e48e296220d853b89b9c32503a4","name":"module.json","path":"/Users/megasu/Documents/HarmonyOS/project/heima_music/entry/build/default/intermediates/res/default/module.json","type":"file","isSymbolicLink":false,"fileMetaData":{"size":2401,"lastModifiedTime":1721995317614}},"/Users/megasu/Documents/HarmonyOS/project/heima_music/entry/build/default/intermediates/res/default/resources/base/profile":{"hashValue":"fe1d322aa32e2c824a0d97fee1ee792d","name":"profile","path":"/Users/megasu/Documents/HarmonyOS/project/heima_music/entry/build/default/intermediates/res/default/resources/base/profile","type":"directory","isSymbolicLink":false,"children":[{"hashValue":"a10669fe6384eb036dcc7b40d4702c75","name":"backup_config.json","path":"/Users/megasu/Documents/HarmonyOS/project/heima_music/entry/build/default/intermediates/res/default/resources/base/profile/backup_config.json","type":"file","isSymbolicLink":false,"fileMetaData":{"size":34,"lastModifiedTime":1721995317613}},{"hashValue":"d96070417ca7461943bd9af4c3719efb","name":"form_config.json","path":"/Users/megasu/Documents/HarmonyOS/project/heima_music/entry/build/default/intermediates/res/default/resources/base/profile/form_config.json","type":"file","isSymbolicLink":false,"fileMetaData":{"size":936,"lastModifiedTime":1721995317614}},{"hashValue":"5ed4f419d71e691626d98f0a9a20769f","name":"main_pages.json","path":"/Users/megasu/Documents/HarmonyOS/project/heima_music/entry/build/default/intermediates/res/default/resources/base/profile/main_pages.json","type":"file","isSymbolicLink":false,"fileMetaData":{"size":109,"lastModifiedTime":1721995317614}}]},"/Users/megasu/Documents/HarmonyOS/project/heima_music/entry/src/main/ets":{"hashValue":"0db57f848709928f8f79fbaa621a8ef8","name":"ets","path":"/Users/megasu/Documents/HarmonyOS/project/heima_music/entry/src/main/ets","type":"directory","isSymbolicLink":false,"children":[{"hashValue":"c6efbf305215bdd29d1727daffae53b8","name":".DS_Store","path":"/Users/megasu/Documents/HarmonyOS/project/heima_music/entry/src/main/ets/.DS_Store","type":"file","isSymbolicLink":false,"fileMetaData":{"size":6148,"lastModifiedTime":1721948181275}},{"hashValue":"876461d8bcf69cac2eefdccbef6bf79a","name":"contants","path":"/Users/megasu/Documents/HarmonyOS/project/heima_music/entry/src/main/ets/contants","type":"directory","isSymbolicLink":false,"children":[{"hashValue":"36e33fbf5eeade3f9c242f0ab991fe15","name":"index.ets","path":"/Users/megasu/Documents/HarmonyOS/project/heima_music/entry/src/main/ets/contants/index.ets","type":"file","isSymbolicLink":false,"fileMetaData":{"size":145,"lastModifiedTime":1721817059725}}]},{"hashValue":"e04b0e4da3f8b7347fca813a1927ff36","name":"entryability","path":"/Users/megasu/Documents/HarmonyOS/project/heima_music/entry/src/main/ets/entryability","type":"directory","isSymbolicLink":false,"children":[{"hashValue":"62e098b3cf856aa2dc79a2e02732b7bc","name":"EntryAbility.ets","path":"/Users/megasu/Documents/HarmonyOS/project/heima_music/entry/src/main/ets/entryability/EntryAbility.ets","type":"file","isSymbolicLink":false,"fileMetaData":{"size":6075,"lastModifiedTime":1721995312549}}]},{"hashValue":"01ff3c2e83228b1fee7eed6754472a9d","name":"entrybackupability","path":"/Users/megasu/Documents/HarmonyOS/project/heima_music/entry/src/main/ets/entrybackupability","type":"directory","isSymbolicLink":false,"children":[{"hashValue":"b099bf31d3d92475a18d2f5c23b983c3","name":"EntryBackupAbility.ets","path":"/Users/megasu/Documents/HarmonyOS/project/heima_music/entry/src/main/ets/entrybackupability/EntryBackupAbility.ets","type":"file","isSymbolicLink":false,"fileMetaData":{"size":425,"lastModifiedTime":1721868475162}}]},{"hashValue":"c1073a3189d6ea1b94821d4d5bd6a833","name":"entryformability","path":"/Users/megasu/Documents/HarmonyOS/project/heima_music/entry/src/main/ets/entryformability","type":"directory","isSymbolicLink":false,"children":[{"hashValue":"8e4d47c0acd0f57c4221f629e2ef5132","name":"EntryFormAbility.ets","path":"/Users/megasu/Documents/HarmonyOS/project/heima_music/entry/src/main/ets/entryformability/EntryFormAbility.ets","type":"file","isSymbolicLink":false,"fileMetaData":{"size":2924,"lastModifiedTime":1721995312551}}]},{"hashValue":"7327e070966c417f3e317cf70e5222a2","name":"formcommon","path":"/Users/megasu/Documents/HarmonyOS/project/heima_music/entry/src/main/ets/formcommon","type":"directory","isSymbolicLink":false,"children":[{"hashValue":"3feca9064d468ed34f34084f60da96a6","name":"DbIndex.ets","path":"/Users/megasu/Documents/HarmonyOS/project/heima_music/entry/src/main/ets/formcommon/DbIndex.ets","type":"file","isSymbolicLink":false,"fileMetaData":{"size":171,"lastModifiedTime":1721995312532}},{"hashValue":"f1a70a7d58c3ad3ff46440eef7b15b32","name":"formsetting","path":"/Users/megasu/Documents/HarmonyOS/project/heima_music/entry/src/main/ets/formcommon/formsetting","type":"directory","isSymbolicLink":false,"children":[{"hashValue":"ac86af218dd86dfe5127179f089220cb","name":"FormAction.ets","path":"/Users/megasu/Documents/HarmonyOS/project/heima_music/entry/src/main/ets/formcommon/formsetting/FormAction.ets","type":"file","isSymbolicLink":false,"fileMetaData":{"size":1758,"lastModifiedTime":1721995312543}},{"hashValue":"0d4b573d0cc06a6d1206d5a968aba2a1","name":"formdbsetting","path":"/Users/megasu/Documents/HarmonyOS/project/heima_music/entry/src/main/ets/formcommon/formsetting/formdbsetting","type":"directory","isSymbolicLink":false,"children":[{"hashValue":"3f9fdfb1fd803d4a31eacccda9072ca0","name":"formdbinfo","path":"/Users/megasu/Documents/HarmonyOS/project/heima_music/entry/src/main/ets/formcommon/formsetting/formdbsetting/formdbinfo","type":"directory","isSymbolicLink":false,"children":[{"hashValue":"1fa767852e926e4ae52af3bc024aa0c9","name":"Index.ets","path":"/Users/megasu/Documents/HarmonyOS/project/heima_music/entry/src/main/ets/formcommon/formsetting/formdbsetting/formdbinfo/Index.ets","type":"file","isSymbolicLink":false,"fileMetaData":{"size":243,"lastModifiedTime":1721995312533}},{"hashValue":"46fefa31e18faf7f0a5ffa0d5742d1e1","name":"WidgetCard_l3_0Info.ets","path":"/Users/megasu/Documents/HarmonyOS/project/heima_music/entry/src/main/ets/formcommon/formsetting/formdbsetting/formdbinfo/WidgetCard_l3_0Info.ets","type":"file","isSymbolicLink":false,"fileMetaData":{"size":977,"lastModifiedTime":1721995312533}}]},{"hashValue":"93d4231c436dd8c8f9c88fc4364760bf","name":"UserSettings.ets","path":"/Users/megasu/Documents/HarmonyOS/project/heima_music/entry/src/main/ets/formcommon/formsetting/formdbsetting/UserSettings.ets","type":"file","isSymbolicLink":false,"fileMetaData":{"size":3032,"lastModifiedTime":1721995312532}}]},{"hashValue":"6a5c71e025e7557b433d85513607c67c","name":"formhttpsetting","path":"/Users/megasu/Documents/HarmonyOS/project/heima_music/entry/src/main/ets/formcommon/formsetting/formhttpsetting","type":"directory","isSymbolicLink":false,"children":[{"hashValue":"9cd76f849e65eb023d687e58e3a15ef1","name":"formhttpinfo","path":"/Users/megasu/Documents/HarmonyOS/project/heima_music/entry/src/main/ets/formcommon/formsetting/formhttpsetting/formhttpinfo","type":"directory","isSymbolicLink":false,"children":[{"hashValue":"5efa9e98072279132921dcde6f45aa4b","name":"Index.ets","path":"/Users/megasu/Documents/HarmonyOS/project/heima_music/entry/src/main/ets/formcommon/formsetting/formhttpsetting/formhttpinfo/Index.ets","type":"file","isSymbolicLink":false,"fileMetaData":{"size":258,"lastModifiedTime":1721995312544}},{"hashValue":"db79fc374ed36a130ab7a7569be60c34","name":"WidgetCard_l3_0Info.ets","path":"/Users/megasu/Documents/HarmonyOS/project/heima_music/entry/src/main/ets/formcommon/formsetting/formhttpsetting/formhttpinfo/WidgetCard_l3_0Info.ets","type":"file","isSymbolicLink":false,"fileMetaData":{"size":814,"lastModifiedTime":1721995312544}}]},{"hashValue":"589a1e64c47e3d3150e489a13d195433","name":"UserSettings.ets","path":"/Users/megasu/Documents/HarmonyOS/project/heima_music/entry/src/main/ets/formcommon/formsetting/formhttpsetting/UserSettings.ets","type":"file","isSymbolicLink":false,"fileMetaData":{"size":2814,"lastModifiedTime":1721995312543}}]}]},{"hashValue":"8e05206541a58797a575a3c0d1beb2e5","name":"HttpIndex.ets","path":"/Users/megasu/Documents/HarmonyOS/project/heima_music/entry/src/main/ets/formcommon/HttpIndex.ets","type":"file","isSymbolicLink":false,"fileMetaData":{"size":95,"lastModifiedTime":1721995312543}},{"hashValue":"2f9efd99a5865b7aee90ddf9f03c6ee2","name":"utils","path":"/Users/megasu/Documents/HarmonyOS/project/heima_music/entry/src/main/ets/formcommon/utils","type":"directory","isSymbolicLink":false,"children":[{"hashValue":"1226828958031115a9d1c619fc9fc30e","name":"dbutils","path":"/Users/megasu/Documents/HarmonyOS/project/heima_music/entry/src/main/ets/formcommon/utils/dbutils","type":"directory","isSymbolicLink":false,"children":[{"hashValue":"16c9fb431ef05f513545af2382092233","name":"FormDbInfo.ets","path":"/Users/megasu/Documents/HarmonyOS/project/heima_music/entry/src/main/ets/formcommon/utils/dbutils/FormDbInfo.ets","type":"file","isSymbolicLink":false,"fileMetaData":{"size":1637,"lastModifiedTime":1721995312532}},{"hashValue":"2565782fe9771a5b3cc91c1897e4aa93","name":"FormDbUpdate.ets","path":"/Users/megasu/Documents/HarmonyOS/project/heima_music/entry/src/main/ets/formcommon/utils/dbutils/FormDbUpdate.ets","type":"file","isSymbolicLink":false,"fileMetaData":{"size":2839,"lastModifiedTime":1721995312532}},{"hashValue":"6aae9a0964c30958cd9ab243a9fb02ae","name":"RdbUtils.ets","path":"/Users/megasu/Documents/HarmonyOS/project/heima_music/entry/src/main/ets/formcommon/utils/dbutils/RdbUtils.ets","type":"file","isSymbolicLink":false,"fileMetaData":{"size":4009,"lastModifiedTime":1721995312532}}]},{"hashValue":"5d5a43e8f1d5843eac19110baab84310","name":"FormPreference.ets","path":"/Users/megasu/Documents/HarmonyOS/project/heima_music/entry/src/main/ets/formcommon/utils/FormPreference.ets","type":"file","isSymbolicLink":false,"fileMetaData":{"size":2061,"lastModifiedTime":1721995312543}},{"hashValue":"541f8f8294d18073d23be363cb651ab6","name":"httputils","path":"/Users/megasu/Documents/HarmonyOS/project/heima_music/entry/src/main/ets/formcommon/utils/httputils","type":"directory","isSymbolicLink":false,"children":[{"hashValue":"48fac39d5d33b69cc9acb6496ca89faa","name":"FormHttpInfo.ets","path":"/Users/megasu/Documents/HarmonyOS/project/heima_music/entry/src/main/ets/formcommon/utils/httputils/FormHttpInfo.ets","type":"file","isSymbolicLink":false,"fileMetaData":{"size":1160,"lastModifiedTime":1721995312543}},{"hashValue":"6f7375aa80e6de5a0b698245bf9f3e27","name":"FormHttpUpdate.ets","path":"/Users/megasu/Documents/HarmonyOS/project/heima_music/entry/src/main/ets/formcommon/utils/httputils/FormHttpUpdate.ets","type":"file","isSymbolicLink":false,"fileMetaData":{"size":2575,"lastModifiedTime":1721995312543}}]}]}]},{"hashValue":"024c2126dd875c90185a2a09cf810d17","name":"models","path":"/Users/megasu/Documents/HarmonyOS/project/heima_music/entry/src/main/ets/models","type":"directory","isSymbolicLink":false,"children":[{"hashValue":"5525275e7ad947f38c02be5951285471","name":"music.ets","path":"/Users/megasu/Documents/HarmonyOS/project/heima_music/entry/src/main/ets/models/music.ets","type":"file","isSymbolicLink":false,"fileMetaData":{"size":669,"lastModifiedTime":1721868475162}},{"hashValue":"ba018206de402e763ac92eaa437faede","name":"playState.ets","path":"/Users/megasu/Documents/HarmonyOS/project/heima_music/entry/src/main/ets/models/playState.ets","type":"file","isSymbolicLink":false,"fileMetaData":{"size":603,"lastModifiedTime":1721817059729}}]},{"hashValue":"8fb9d205c93ce441265e1465b966379b","name":"pages","path":"/Users/megasu/Documents/HarmonyOS/project/heima_music/entry/src/main/ets/pages","type":"directory","isSymbolicLink":false,"children":[{"hashValue":"39793214e2200acae10dd4b33963ddba","name":"Demo.ets","path":"/Users/megasu/Documents/HarmonyOS/project/heima_music/entry/src/main/ets/pages/Demo.ets","type":"file","isSymbolicLink":false,"fileMetaData":{"size":1112,"lastModifiedTime":1721817059730}},{"hashValue":"8d7101f8a29813163c3607e4b74202b1","name":"Home.ets","path":"/Users/megasu/Documents/HarmonyOS/project/heima_music/entry/src/main/ets/pages/Home.ets","type":"file","isSymbolicLink":false,"fileMetaData":{"size":1295,"lastModifiedTime":1721868475163}},{"hashValue":"c7f2cc1eaac7d443ea1cf718f7df5295","name":"Index.ets","path":"/Users/megasu/Documents/HarmonyOS/project/heima_music/entry/src/main/ets/pages/Index.ets","type":"file","isSymbolicLink":false,"fileMetaData":{"size":3390,"lastModifiedTime":1721868475163}},{"hashValue":"968f94ddb7575def94247a3972258b7c","name":"Play.ets","path":"/Users/megasu/Documents/HarmonyOS/project/heima_music/entry/src/main/ets/pages/Play.ets","type":"file","isSymbolicLink":false,"fileMetaData":{"size":17461,"lastModifiedTime":1721954947985}},{"hashValue":"397df704b44e8c23e8a5b33e229256e9","name":"Start.ets","path":"/Users/megasu/Documents/HarmonyOS/project/heima_music/entry/src/main/ets/pages/Start.ets","type":"file","isSymbolicLink":false,"fileMetaData":{"size":1704,"lastModifiedTime":1721956764268}}]},{"hashValue":"16970bb6f418776de6ece372a39c94d8","name":"utils","path":"/Users/megasu/Documents/HarmonyOS/project/heima_music/entry/src/main/ets/utils","type":"directory","isSymbolicLink":false,"children":[{"hashValue":"d77bb6ea6e334e0413a1c83f7b1bf096","name":"AvPlayerManager.ets","path":"/Users/megasu/Documents/HarmonyOS/project/heima_music/entry/src/main/ets/utils/AvPlayerManager.ets","type":"file","isSymbolicLink":false,"fileMetaData":{"size":12743,"lastModifiedTime":1721992522981}},{"hashValue":"3f53e58ccd34c4f0f7a5793b92bbed00","name":"AvSessionManager.ets","path":"/Users/megasu/Documents/HarmonyOS/project/heima_music/entry/src/main/ets/utils/AvSessionManager.ets","type":"file","isSymbolicLink":false,"fileMetaData":{"size":2333,"lastModifiedTime":1721963630370}},{"hashValue":"740f898c5e5a3492ab7cc6c18fe7fc88","name":"FormIdManager.ets","path":"/Users/megasu/Documents/HarmonyOS/project/heima_music/entry/src/main/ets/utils/FormIdManager.ets","type":"file","isSymbolicLink":false,"fileMetaData":{"size":1830,"lastModifiedTime":1721980745592}},{"hashValue":"677b89c358bf67d9e5980a619224a2e7","name":"ImageSave.ets","path":"/Users/megasu/Documents/HarmonyOS/project/heima_music/entry/src/main/ets/utils/ImageSave.ets","type":"file","isSymbolicLink":false,"fileMetaData":{"size":992,"lastModifiedTime":1721986276466}},{"hashValue":"0f95f4f553a9e7f7aad94d0257a51828","name":"SongManager.ets","path":"/Users/megasu/Documents/HarmonyOS/project/heima_music/entry/src/main/ets/utils/SongManager.ets","type":"file","isSymbolicLink":false,"fileMetaData":{"size":812,"lastModifiedTime":1721992528331}}]},{"hashValue":"e433d1f9ea258162780e3a632ec56996","name":"views","path":"/Users/megasu/Documents/HarmonyOS/project/heima_music/entry/src/main/ets/views","type":"directory","isSymbolicLink":false,"children":[{"hashValue":"4ad9e84d85fad4ed4baaeaa05f7d0393","name":"Find.ets","path":"/Users/megasu/Documents/HarmonyOS/project/heima_music/entry/src/main/ets/views/Find.ets","type":"file","isSymbolicLink":false,"fileMetaData":{"size":6143,"lastModifiedTime":1721868475164}},{"hashValue":"48706076bf626e94901cb01dbd76e1ec","name":"Mine.ets","path":"/Users/megasu/Documents/HarmonyOS/project/heima_music/entry/src/main/ets/views/Mine.ets","type":"file","isSymbolicLink":false,"fileMetaData":{"size":7113,"lastModifiedTime":1721868475165}},{"hashValue":"2d1b5596ccbc9d80741aaa8ccee1bd1a","name":"Moment.ets","path":"/Users/megasu/Documents/HarmonyOS/project/heima_music/entry/src/main/ets/views/Moment.ets","type":"file","isSymbolicLink":false,"fileMetaData":{"size":13769,"lastModifiedTime":1721868475165}},{"hashValue":"b3fbc2db4a771cb5e8d4abadea52fd95","name":"Recommend.ets","path":"/Users/megasu/Documents/HarmonyOS/project/heima_music/entry/src/main/ets/views/Recommend.ets","type":"file","isSymbolicLink":false,"fileMetaData":{"size":7425,"lastModifiedTime":1721868475165}}]},{"hashValue":"383c81995dd2a6da9e122f1a1a69c1e7","name":"widget","path":"/Users/megasu/Documents/HarmonyOS/project/heima_music/entry/src/main/ets/widget","type":"directory","isSymbolicLink":false,"children":[{"hashValue":"dc97e90b121f57bc77a86e4b8b758227","name":"pages","path":"/Users/megasu/Documents/HarmonyOS/project/heima_music/entry/src/main/ets/widget/pages","type":"directory","isSymbolicLink":false,"children":[{"hashValue":"9cf245e4b6e29a8e17a6e22213b2fed9","name":"WidgetCard.ets","path":"/Users/megasu/Documents/HarmonyOS/project/heima_music/entry/src/main/ets/widget/pages/WidgetCard.ets","type":"file","isSymbolicLink":false,"fileMetaData":{"size":4621,"lastModifiedTime":1721985591373}}]}]},{"hashValue":"c4460e206db3632486518f11329a2b20","name":"WidgetCard_l3_0","path":"/Users/megasu/Documents/HarmonyOS/project/heima_music/entry/src/main/ets/WidgetCard_l3_0","type":"directory","isSymbolicLink":false,"children":[{"hashValue":"b95b98f6bc7d5dab493eb718c36b2341","name":"pages","path":"/Users/megasu/Documents/HarmonyOS/project/heima_music/entry/src/main/ets/WidgetCard_l3_0/pages","type":"directory","isSymbolicLink":false,"children":[{"hashValue":"546736ee2adcf1d1ba00de12c5493b5b","name":"WidgetCard_l3_0.ets","path":"/Users/megasu/Documents/HarmonyOS/project/heima_music/entry/src/main/ets/WidgetCard_l3_0/pages/WidgetCard_l3_0.ets","type":"file","isSymbolicLink":false,"fileMetaData":{"size":3068,"lastModifiedTime":1721995312340}}]}]}]},"/Users/megasu/Documents/HarmonyOS/project/heima_music/entry/build/default/intermediates/loader_out/default/ets":{"hashValue":"546280d0c99c77f1872712ad12f122a2","name":"ets","path":"/Users/megasu/Documents/HarmonyOS/project/heima_music/entry/build/default/intermediates/loader_out/default/ets","type":"directory","isSymbolicLink":false,"children":[{"hashValue":"653090d3e45f659e02e58bab9cbccbd8","name":"modules.abc","path":"/Users/megasu/Documents/HarmonyOS/project/heima_music/entry/build/default/intermediates/loader_out/default/ets/modules.abc","type":"file","isSymbolicLink":false,"fileMetaData":{"size":442324,"lastModifiedTime":1721995318261}},{"hashValue":"eabd012319870be7a686e85ebbafabcb","name":"sourceMaps.map","path":"/Users/megasu/Documents/HarmonyOS/project/heima_music/entry/build/default/intermediates/loader_out/default/ets/sourceMaps.map","type":"file","isSymbolicLink":false,"fileMetaData":{"size":92766,"lastModifiedTime":1721995318212}},{"hashValue":"35f1e31a1c9ab4535c68c707e0e7fc5e","name":"widget","path":"/Users/megasu/Documents/HarmonyOS/project/heima_music/entry/build/default/intermediates/loader_out/default/ets/widget","type":"directory","isSymbolicLink":false,"children":[{"hashValue":"44e68a5cf82cb8258c31b11e8159b669","name":"component_collection.json","path":"/Users/megasu/Documents/HarmonyOS/project/heima_music/entry/build/default/intermediates/loader_out/default/ets/widget/component_collection.json","type":"file","isSymbolicLink":false,"fileMetaData":{"size":259,"lastModifiedTime":1721995318575}}]},{"hashValue":"430546132cc9a8c45f4a2da491f3d5c1","name":"widgets.abc","path":"/Users/megasu/Documents/HarmonyOS/project/heima_music/entry/build/default/intermediates/loader_out/default/ets/widgets.abc","type":"file","isSymbolicLink":false,"fileMetaData":{"size":50036,"lastModifiedTime":1721995318586}}]},"/Users/megasu/Documents/HarmonyOS/project/heima_music/entry/build/default/intermediates/stripped_native_libs/default":{"hashValue":"","name":"default","path":"/Users/megasu/Documents/HarmonyOS/project/heima_music/entry/build/default/intermediates/stripped_native_libs/default","type":"directory","isSymbolicLink":false,"children":[]},"/Users/megasu/Documents/HarmonyOS/project/heima_music/entry/build/default/intermediates/patch/default/base_native_libs.json":{"hashValue":"867a2a172955c0afd8f7656418b77bbf","name":"base_native_libs.json","path":"/Users/megasu/Documents/HarmonyOS/project/heima_music/entry/build/default/intermediates/patch/default/base_native_libs.json","type":"file","isSymbolicLink":false,"fileMetaData":{"size":25,"lastModifiedTime":1721990598390}},"/Users/megasu/Documents/HarmonyOS/project/heima_music/entry/build/default/intermediates/package/default/module.json":{"hashValue":"323a963a09ca792feda398f85a56d435","name":"module.json","path":"/Users/megasu/Documents/HarmonyOS/project/heima_music/entry/build/default/intermediates/package/default/module.json","type":"file","isSymbolicLink":false,"fileMetaData":{"size":2401,"lastModifiedTime":1721995318592}},"/Users/megasu/Documents/HarmonyOS/project/heima_music/entry/build/default/intermediates/res/default/resources":{"hashValue":"711aa4d3083c75d685601bd0052d4595","name":"resources","path":"/Users/megasu/Documents/HarmonyOS/project/heima_music/entry/build/default/intermediates/res/default/resources","type":"directory","isSymbolicLink":false,"children":[{"hashValue":"7eb1b45c7030b422a9493c69a796decd","name":"base","path":"/Users/megasu/Documents/HarmonyOS/project/heima_music/entry/build/default/intermediates/res/default/resources/base","type":"directory","isSymbolicLink":false,"children":[{"hashValue":"c2b8ae6d8aa3bab363552e2a0a991f85","name":"media","path":"/Users/megasu/Documents/HarmonyOS/project/heima_music/entry/build/default/intermediates/res/default/resources/base/media","type":"directory","isSymbolicLink":false,"children":[{"hashValue":"0b495f86861620f717c121a07647344a","name":"ad.jpg","path":"/Users/megasu/Documents/HarmonyOS/project/heima_music/entry/build/default/intermediates/res/default/resources/base/media/ad.jpg","type":"file","isSymbolicLink":false,"fileMetaData":{"size":1188645,"lastModifiedTime":1721995317598}},{"hashValue":"154cdef28296f308dd632dce883fb988","name":"app_icon.png","path":"/Users/megasu/Documents/HarmonyOS/project/heima_music/entry/build/default/intermediates/res/default/resources/base/media/app_icon.png","type":"file","isSymbolicLink":false,"fileMetaData":{"size":2777,"lastModifiedTime":1721995317591}},{"hashValue":"f452e995decc6630b657613f1b9a8156","name":"background.png","path":"/Users/megasu/Documents/HarmonyOS/project/heima_music/entry/build/default/intermediates/res/default/resources/base/media/background.png","type":"file","isSymbolicLink":false,"fileMetaData":{"size":9878,"lastModifiedTime":1721995317600}},{"hashValue":"f5deea60661482ab87ce5b5d1ca2775a","name":"fixed_logo_0.png","path":"/Users/megasu/Documents/HarmonyOS/project/heima_music/entry/build/default/intermediates/res/default/resources/base/media/fixed_logo_0.png","type":"file","isSymbolicLink":false,"fileMetaData":{"size":2530,"lastModifiedTime":1721995317600}},{"hashValue":"f3330923ea0123ebd2cb127680f8d235","name":"foreground.png","path":"/Users/megasu/Documents/HarmonyOS/project/heima_music/entry/build/default/intermediates/res/default/resources/base/media/foreground.png","type":"file","isSymbolicLink":false,"fileMetaData":{"size":17319,"lastModifiedTime":1721995317600}},{"hashValue":"cdfec88bb21d74714fc32eec8069f392","name":"ic_auto.svg","path":"/Users/megasu/Documents/HarmonyOS/project/heima_music/entry/build/default/intermediates/res/default/resources/base/media/ic_auto.svg","type":"file","isSymbolicLink":false,"fileMetaData":{"size":1743,"lastModifiedTime":1721995317601}},{"hashValue":"0b7750319bc3d07a0e433e8785d343aa","name":"ic_bells_o.svg","path":"/Users/megasu/Documents/HarmonyOS/project/heima_music/entry/build/default/intermediates/res/default/resources/base/media/ic_bells_o.svg","type":"file","isSymbolicLink":false,"fileMetaData":{"size":16153,"lastModifiedTime":1721995317601}},{"hashValue":"2d33777df27e01e7d8466e5b9e4b6806","name":"ic_boy.svg","path":"/Users/megasu/Documents/HarmonyOS/project/heima_music/entry/build/default/intermediates/res/default/resources/base/media/ic_boy.svg","type":"file","isSymbolicLink":false,"fileMetaData":{"size":3876,"lastModifiedTime":1721995317602}},{"hashValue":"597c6481d238a537a35b8b4d306019e7","name":"ic_cd.png","path":"/Users/megasu/Documents/HarmonyOS/project/heima_music/entry/build/default/intermediates/res/default/resources/base/media/ic_cd.png","type":"file","isSymbolicLink":false,"fileMetaData":{"size":26788,"lastModifiedTime":1721995317602}},{"hashValue":"84157bc4ad65f812e6d25076ce57af38","name":"ic_close.svg","path":"/Users/megasu/Documents/HarmonyOS/project/heima_music/entry/build/default/intermediates/res/default/resources/base/media/ic_close.svg","type":"file","isSymbolicLink":false,"fileMetaData":{"size":518,"lastModifiedTime":1721995317602}},{"hashValue":"5841eee1a2bf7e8ff1657b1b27975b07","name":"ic_code.svg","path":"/Users/megasu/Documents/HarmonyOS/project/heima_music/entry/build/default/intermediates/res/default/resources/base/media/ic_code.svg","type":"file","isSymbolicLink":false,"fileMetaData":{"size":3267,"lastModifiedTime":1721995317603}},{"hashValue":"2e91222995fa63d59dc4f178f6037fad","name":"ic_collect.svg","path":"/Users/megasu/Documents/HarmonyOS/project/heima_music/entry/build/default/intermediates/res/default/resources/base/media/ic_collect.svg","type":"file","isSymbolicLink":false,"fileMetaData":{"size":1271,"lastModifiedTime":1721995317603}},{"hashValue":"5f4aa0d8f1306bbf029994f0bcfa87d2","name":"ic_comment_o.svg","path":"/Users/megasu/Documents/HarmonyOS/project/heima_music/entry/build/default/intermediates/res/default/resources/base/media/ic_comment_o.svg","type":"file","isSymbolicLink":false,"fileMetaData":{"size":2875,"lastModifiedTime":1721995317604}},{"hashValue":"dd54e93f94875e753b7ba5646c65a0a4","name":"ic_comment.svg","path":"/Users/megasu/Documents/HarmonyOS/project/heima_music/entry/build/default/intermediates/res/default/resources/base/media/ic_comment.svg","type":"file","isSymbolicLink":false,"fileMetaData":{"size":1019,"lastModifiedTime":1721995317603}},{"hashValue":"550027718ce6233714b438d8c4308984","name":"ic_download_o.svg","path":"/Users/megasu/Documents/HarmonyOS/project/heima_music/entry/build/default/intermediates/res/default/resources/base/media/ic_download_o.svg","type":"file","isSymbolicLink":false,"fileMetaData":{"size":1607,"lastModifiedTime":1721995317604}},{"hashValue":"e5d172c576fa692b046ade4d1d410b1a","name":"ic_favorite.svg","path":"/Users/megasu/Documents/HarmonyOS/project/heima_music/entry/build/default/intermediates/res/default/resources/base/media/ic_favorite.svg","type":"file","isSymbolicLink":false,"fileMetaData":{"size":4953,"lastModifiedTime":1721995317604}},{"hashValue":"ea75dfdaf5689c2a91ac6549f8e833f9","name":"ic_find.svg","path":"/Users/megasu/Documents/HarmonyOS/project/heima_music/entry/build/default/intermediates/res/default/resources/base/media/ic_find.svg","type":"file","isSymbolicLink":false,"fileMetaData":{"size":2655,"lastModifiedTime":1721995317605}},{"hashValue":"2eb4b8bb757c0425bed3d7d45e7a449e","name":"ic_like.svg","path":"/Users/megasu/Documents/HarmonyOS/project/heima_music/entry/build/default/intermediates/res/default/resources/base/media/ic_like.svg","type":"file","isSymbolicLink":false,"fileMetaData":{"size":1900,"lastModifiedTime":1721995317605}},{"hashValue":"a2b698913bf2e4907aba536e5061c12c","name":"ic_logo.svg","path":"/Users/megasu/Documents/HarmonyOS/project/heima_music/entry/build/default/intermediates/res/default/resources/base/media/ic_logo.svg","type":"file","isSymbolicLink":false,"fileMetaData":{"size":1882,"lastModifiedTime":1721995317605}},{"hashValue":"f5ce259db2486e3c685859bb8a40dc97","name":"ic_mine.svg","path":"/Users/megasu/Documents/HarmonyOS/project/heima_music/entry/build/default/intermediates/res/default/resources/base/media/ic_mine.svg","type":"file","isSymbolicLink":false,"fileMetaData":{"size":1479,"lastModifiedTime":1721995317605}},{"hashValue":"ee43caf88d70c502bece4dfe330e3e6c","name":"ic_moment.svg","path":"/Users/megasu/Documents/HarmonyOS/project/heima_music/entry/build/default/intermediates/res/default/resources/base/media/ic_moment.svg","type":"file","isSymbolicLink":false,"fileMetaData":{"size":1575,"lastModifiedTime":1721995317606}},{"hashValue":"899f361e37e57c77c678fcd44838798c","name":"ic_more.svg","path":"/Users/megasu/Documents/HarmonyOS/project/heima_music/entry/build/default/intermediates/res/default/resources/base/media/ic_more.svg","type":"file","isSymbolicLink":false,"fileMetaData":{"size":646,"lastModifiedTime":1721995317606}},{"hashValue":"4a46c48384b37eef242248fa4f2d4b71","name":"ic_next.svg","path":"/Users/megasu/Documents/HarmonyOS/project/heima_music/entry/build/default/intermediates/res/default/resources/base/media/ic_next.svg","type":"file","isSymbolicLink":false,"fileMetaData":{"size":894,"lastModifiedTime":1721995317606}},{"hashValue":"82cb75c9565977b9bc82b3904f27d943","name":"ic_paused.svg","path":"/Users/megasu/Documents/HarmonyOS/project/heima_music/entry/build/default/intermediates/res/default/resources/base/media/ic_paused.svg","type":"file","isSymbolicLink":false,"fileMetaData":{"size":591,"lastModifiedTime":1721995317606}},{"hashValue":"180e77be5d5ee95f9c98fec69f9a0768","name":"ic_play.svg","path":"/Users/megasu/Documents/HarmonyOS/project/heima_music/entry/build/default/intermediates/res/default/resources/base/media/ic_play.svg","type":"file","isSymbolicLink":false,"fileMetaData":{"size":761,"lastModifiedTime":1721995317606}},{"hashValue":"52a414412220ca17db626c0df442c027","name":"ic_playing.gif","path":"/Users/megasu/Documents/HarmonyOS/project/heima_music/entry/build/default/intermediates/res/default/resources/base/media/ic_playing.gif","type":"file","isSymbolicLink":false,"fileMetaData":{"size":67317,"lastModifiedTime":1721995317607}},{"hashValue":"e376175e6df9154a4aa0631e29bcbdbc","name":"ic_prev.svg","path":"/Users/megasu/Documents/HarmonyOS/project/heima_music/entry/build/default/intermediates/res/default/resources/base/media/ic_prev.svg","type":"file","isSymbolicLink":false,"fileMetaData":{"size":893,"lastModifiedTime":1721995317607}},{"hashValue":"566c4fad9a13325106f9ea76bdc968b2","name":"ic_random.svg","path":"/Users/megasu/Documents/HarmonyOS/project/heima_music/entry/build/default/intermediates/res/default/resources/base/media/ic_random.svg","type":"file","isSymbolicLink":false,"fileMetaData":{"size":1491,"lastModifiedTime":1721995317608}},{"hashValue":"aa4600ceacf4e825237f9955292f31b9","name":"ic_recommend.svg","path":"/Users/megasu/Documents/HarmonyOS/project/heima_music/entry/build/default/intermediates/res/default/resources/base/media/ic_recommend.svg","type":"file","isSymbolicLink":false,"fileMetaData":{"size":2520,"lastModifiedTime":1721995317608}},{"hashValue":"024a85646ebd5fb82f806ffd65ddb08a","name":"ic_repeat.svg","path":"/Users/megasu/Documents/HarmonyOS/project/heima_music/entry/build/default/intermediates/res/default/resources/base/media/ic_repeat.svg","type":"file","isSymbolicLink":false,"fileMetaData":{"size":1295,"lastModifiedTime":1721995317608}},{"hashValue":"862fe8bccdd9c80181e21610361692c4","name":"ic_search.svg","path":"/Users/megasu/Documents/HarmonyOS/project/heima_music/entry/build/default/intermediates/res/default/resources/base/media/ic_search.svg","type":"file","isSymbolicLink":false,"fileMetaData":{"size":1804,"lastModifiedTime":1721995317608}},{"hashValue":"d71536a6fe7d7c744418966ba4c2e3be","name":"ic_share.svg","path":"/Users/megasu/Documents/HarmonyOS/project/heima_music/entry/build/default/intermediates/res/default/resources/base/media/ic_share.svg","type":"file","isSymbolicLink":false,"fileMetaData":{"size":981,"lastModifiedTime":1721995317608}},{"hashValue":"67de9ca74c5aed121a8e16350d7c1e5b","name":"ic_sing.svg","path":"/Users/megasu/Documents/HarmonyOS/project/heima_music/entry/build/default/intermediates/res/default/resources/base/media/ic_sing.svg","type":"file","isSymbolicLink":false,"fileMetaData":{"size":1320,"lastModifiedTime":1721995317608}},{"hashValue":"9e471e3eb1b5cee90768e01b6dea48d2","name":"ic_single_play.svg","path":"/Users/megasu/Documents/HarmonyOS/project/heima_music/entry/build/default/intermediates/res/default/resources/base/media/ic_single_play.svg","type":"file","isSymbolicLink":false,"fileMetaData":{"size":1741,"lastModifiedTime":1721995317608}},{"hashValue":"70b442765b71bd2f3acfdccb071c910a","name":"ic_song_list.svg","path":"/Users/megasu/Documents/HarmonyOS/project/heima_music/entry/build/default/intermediates/res/default/resources/base/media/ic_song_list.svg","type":"file","isSymbolicLink":false,"fileMetaData":{"size":1267,"lastModifiedTime":1721995317608}},{"hashValue":"f03d77082cc9e2f95fb1f304329568e5","name":"ic_stylus.png","path":"/Users/megasu/Documents/HarmonyOS/project/heima_music/entry/build/default/intermediates/res/default/resources/base/media/ic_stylus.png","type":"file","isSymbolicLink":false,"fileMetaData":{"size":55484,"lastModifiedTime":1721995317609}},{"hashValue":"72df02d7527104a047eee38a4ab426f7","name":"ic_vip.png","path":"/Users/megasu/Documents/HarmonyOS/project/heima_music/entry/build/default/intermediates/res/default/resources/base/media/ic_vip.png","type":"file","isSymbolicLink":false,"fileMetaData":{"size":5791,"lastModifiedTime":1721995317610}},{"hashValue":"b921b76ec0b32bb82f881d9fba899f53","name":"icon_lib_213.svg","path":"/Users/megasu/Documents/HarmonyOS/project/heima_music/entry/build/default/intermediates/res/default/resources/base/media/icon_lib_213.svg","type":"file","isSymbolicLink":false,"fileMetaData":{"size":3604,"lastModifiedTime":1721995317610}},{"hashValue":"5feb00aaccad7c3cba9513337382c549","name":"layered_image.json","path":"/Users/megasu/Documents/HarmonyOS/project/heima_music/entry/build/default/intermediates/res/default/resources/base/media/layered_image.json","type":"file","isSymbolicLink":false,"fileMetaData":{"size":95,"lastModifiedTime":1721995317614}},{"hashValue":"d33cf39509508f6da21d2bdc3d55431c","name":"logo.png","path":"/Users/megasu/Documents/HarmonyOS/project/heima_music/entry/build/default/intermediates/res/default/resources/base/media/logo.png","type":"file","isSymbolicLink":false,"fileMetaData":{"size":26320,"lastModifiedTime":1721995317611}},{"hashValue":"f11907847d52a378abb9abe6d476597a","name":"random_background_8.png","path":"/Users/megasu/Documents/HarmonyOS/project/heima_music/entry/build/default/intermediates/res/default/resources/base/media/random_background_8.png","type":"file","isSymbolicLink":false,"fileMetaData":{"size":9120,"lastModifiedTime":1721995317611}},{"hashValue":"991c17d0c21837b5c0218b2d8eae0af4","name":"startIcon.png","path":"/Users/megasu/Documents/HarmonyOS/project/heima_music/entry/build/default/intermediates/res/default/resources/base/media/startIcon.png","type":"file","isSymbolicLink":false,"fileMetaData":{"size":26320,"lastModifiedTime":1721995317612}},{"hashValue":"f06ccc70a34d972b74e85131322c0072","name":"story.jpg","path":"/Users/megasu/Documents/HarmonyOS/project/heima_music/entry/build/default/intermediates/res/default/resources/base/media/story.jpg","type":"file","isSymbolicLink":false,"fileMetaData":{"size":16888,"lastModifiedTime":1721995317613}}]},{"hashValue":"fe1d322aa32e2c824a0d97fee1ee792d","name":"profile","path":"/Users/megasu/Documents/HarmonyOS/project/heima_music/entry/build/default/intermediates/res/default/resources/base/profile","type":"directory","isSymbolicLink":false,"children":[{"hashValue":"a10669fe6384eb036dcc7b40d4702c75","name":"backup_config.json","path":"/Users/megasu/Documents/HarmonyOS/project/heima_music/entry/build/default/intermediates/res/default/resources/base/profile/backup_config.json","type":"file","isSymbolicLink":false,"fileMetaData":{"size":34,"lastModifiedTime":1721995317613}},{"hashValue":"d96070417ca7461943bd9af4c3719efb","name":"form_config.json","path":"/Users/megasu/Documents/HarmonyOS/project/heima_music/entry/build/default/intermediates/res/default/resources/base/profile/form_config.json","type":"file","isSymbolicLink":false,"fileMetaData":{"size":936,"lastModifiedTime":1721995317614}},{"hashValue":"5ed4f419d71e691626d98f0a9a20769f","name":"main_pages.json","path":"/Users/megasu/Documents/HarmonyOS/project/heima_music/entry/build/default/intermediates/res/default/resources/base/profile/main_pages.json","type":"file","isSymbolicLink":false,"fileMetaData":{"size":109,"lastModifiedTime":1721995317614}}]}]},{"hashValue":"","name":"rawfile","path":"/Users/megasu/Documents/HarmonyOS/project/heima_music/entry/build/default/intermediates/res/default/resources/rawfile","type":"directory","isSymbolicLink":false,"children":[]}]},"/Users/megasu/Documents/HarmonyOS/project/heima_music/entry/build/default/intermediates/res/default/resources.index":{"hashValue":"4e4a8feccf1193d6fa7ed3efaa69007d","name":"resources.index","path":"/Users/megasu/Documents/HarmonyOS/project/heima_music/entry/build/default/intermediates/res/default/resources.index","type":"file","isSymbolicLink":false,"fileMetaData":{"size":5072,"lastModifiedTime":1721995317615}},"/Users/megasu/Documents/HarmonyOS/project/heima_music/entry/build/default/outputs/default/entry-default-unsigned.hap":{"hashValue":"5795f937eb109c39bc23912785eecdb6","name":"entry-default-unsigned.hap","path":"/Users/megasu/Documents/HarmonyOS/project/heima_music/entry/build/default/outputs/default/entry-default-unsigned.hap","type":"file","isSymbolicLink":false,"fileMetaData":{"size":2123499,"lastModifiedTime":1721995318836}},"/Users/megasu/Documents/HarmonyOS/project/heima_music/entry/build/default/outputs/default/mapping/sourceMaps.map":{"hashValue":"0c0526ccd1ca57a7fe07671478b07579","name":"sourceMaps.map","path":"/Users/megasu/Documents/HarmonyOS/project/heima_music/entry/build/default/outputs/default/mapping/sourceMaps.map","type":"file","isSymbolicLink":false,"fileMetaData":{"size":92766,"lastModifiedTime":1721995318597}},"/Users/megasu/Documents/HarmonyOS/project/heima_music/entry/src/main/resources/base/profile/form_config.json":{"hashValue":"d8ff228b2e5b83319819aacf0de98d1a","name":"form_config.json","path":"/Users/megasu/Documents/HarmonyOS/project/heima_music/entry/src/main/resources/base/profile/form_config.json","type":"file","isSymbolicLink":false,"fileMetaData":{"size":1102,"lastModifiedTime":1721995312682}},"/Users/megasu/Documents/课堂视频/【鸿蒙】2024年暑假鸿蒙师资培训/app_key/AGC平台证书3.cer":{"hashValue":"6320ee7ef2a749ace44200598821238f","name":"AGC平台证书3.cer","path":"/Users/megasu/Documents/课堂视频/【鸿蒙】2024年暑假鸿蒙师资培训/app_key/AGC平台证书3.cer","type":"file","isSymbolicLink":false,"fileMetaData":{"size":2910,"lastModifiedTime":1721989940633}},"/Users/megasu/Documents/课堂视频/【鸿蒙】2024年暑假鸿蒙师资培训/app_key/AGC平台证书4-黑马云音乐应用证书文件Release.p7b":{"hashValue":"1d46c0b27d1cc716df6c2b538a938ab1","name":"AGC平台证书4-黑马云音乐应用证书文件Release.p7b","path":"/Users/megasu/Documents/课堂视频/【鸿蒙】2024年暑假鸿蒙师资培训/app_key/AGC平台证书4-黑马云音乐应用证书文件Release.p7b","type":"file","isSymbolicLink":false,"fileMetaData":{"size":4001,"lastModifiedTime":1721990074809}},"/Users/megasu/Documents/课堂视频/【鸿蒙】2024年暑假鸿蒙师资培训/app_key/本地证书1.p12":{"hashValue":"3dd114c660007dbb073823c5f2bbb37f","name":"本地证书1.p12","path":"/Users/megasu/Documents/课堂视频/【鸿蒙】2024年暑假鸿蒙师资培训/app_key/本地证书1.p12","type":"file","isSymbolicLink":false,"fileMetaData":{"size":1126,"lastModifiedTime":1721989343929}},"/Users/megasu/Documents/HarmonyOS/project/heima_music/entry/build/default/outputs/default/entry-default-signed.hap":{"hashValue":"","name":"emptyroot","path":"","type":"unknown","isSymbolicLink":false,"children":[]},"/Users/megasu/Documents/HarmonyOS/project/heima_music/build/outputs/default/pack.info":{"hashValue":"0845e61c835c3a31e797ee324071db4d","name":"pack.info","path":"/Users/megasu/Documents/HarmonyOS/project/heima_music/build/outputs/default/pack.info","type":"file","isSymbolicLink":false,"fileMetaData":{"size":1260,"lastModifiedTime":1721991390925}},"/Users/megasu/Documents/HarmonyOS/project/heima_music/build/outputs/default/heima_music-default-unsigned.app":{"hashValue":"8b395ca3bf2dd9ca0190a210be17c208","name":"heima_music-default-unsigned.app","path":"/Users/megasu/Documents/HarmonyOS/project/heima_music/build/outputs/default/heima_music-default-unsigned.app","type":"file","isSymbolicLink":false,"fileMetaData":{"size":1682333,"lastModifiedTime":1721991391124}},"/Users/megasu/Documents/HarmonyOS/project/heima_music/entry/build/default/outputs/default/app/entry-default.hap":{"hashValue":"84e0fa31c6b2d9f54eae06a253489c33","name":"entry-default.hap","path":"/Users/megasu/Documents/HarmonyOS/project/heima_music/entry/build/default/outputs/default/app/entry-default.hap","type":"file","isSymbolicLink":false,"fileMetaData":{"size":1680414,"lastModifiedTime":1721991390928}},"/Users/megasu/Documents/HarmonyOS/project/heima_music/build/outputs/default/heima_music-default-signed.app":{"hashValue":"91a06c665c95cb3026b80b99122f3378","name":"heima_music-default-signed.app","path":"/Users/megasu/Documents/HarmonyOS/project/heima_music/build/outputs/default/heima_music-default-signed.app","type":"file","isSymbolicLink":false,"fileMetaData":{"size":1696964,"lastModifiedTime":1721991391227}},"/Users/megasu/Documents/HarmonyOS/project/heima_music/entry/build/default/intermediates/loader/default/pkgContextInfo.json":{"hashValue":"","name":"emptyroot","path":"","type":"unknown","isSymbolicLink":false,"children":[]},"/Users/megasu/Documents/HarmonyOS/project/heima_music/build/cache/default/integrated_hsp/integratedHspCache.json":{"hashValue":"","name":"emptyroot","path":"","type":"unknown","isSymbolicLink":false,"children":[]},"/Users/megasu/Documents/HarmonyOS/project/heima_music/entry/build/default/intermediates/syscap/default/rpcid.sc":{"hashValue":"","name":"emptyroot","path":"","type":"unknown","isSymbolicLink":false,"children":[]},"/Users/megasu/Documents/HarmonyOS/project/heima_music/entry/build/default/intermediates/loader_out/default/js":{"hashValue":"","name":"emptyroot","path":"","type":"unknown","isSymbolicLink":false,"children":[]}}