{":heima_music:entry:default@PreBuild":{"_inputs":[{"dataType":"ValueEntry","value":"{\"_name\":\"compileApiVersion\",\"_value\":12,\"_valueType\":\"number\"}"},{"dataType":"ValueEntry","value":"{\"_name\":\"compatibleApiVersion\",\"_value\":12,\"_valueType\":\"number\"}"},{"dataType":"ValueEntry","value":"{\"_name\":\"targetStatusCode\",\"_value\":2,\"_valueType\":\"number\"}"},{"dataType":"ValueEntry","value":"{\"_name\":\"apiType\",\"_value\":\"stageMode\",\"_valueType\":\"string\"}"},{"dataType":"ValueEntry","value":"{\"_name\":\"deviceType\",\"_value\":[\"phone\",\"tablet\",\"2in1\"],\"_valueType\":\"object\"}"},{"dataType":"ValueEntry","value":"{\"_name\":\"codeType\",\"_value\":true,\"_valueType\":\"boolean\"}"},{"dataType":"ValueEntry","value":"{\"_name\":\"sdkToolchainsComponentVersion\",\"_value\":\"5.0.0.31\",\"_valueType\":\"string\"}"},{"dataType":"ValueEntry","value":"{\"_name\":\"profileModuleName\",\"_value\":\"entry\",\"_valueType\":\"string\"}"},{"dataType":"ValueEntry","value":"{\"_name\":\"moduleJsonOpt\",\"_value\":\"{\\\"jsonFilePath\\\":\\\"/Users/megasu/Documents/HarmonyOS/project/heima_music/entry/src/main/module.json5\\\",\\\"profile\\\":{\\\"module\\\":{\\\"requestPermissions\\\":[{\\\"name\\\":\\\"ohos.permission.INTERNET\\\"},{\\\"name\\\":\\\"ohos.permission.KEEP_BACKGROUND_RUNNING\\\"}],\\\"name\\\":\\\"entry\\\",\\\"type\\\":\\\"entry\\\",\\\"description\\\":\\\"$string:module_desc\\\",\\\"mainElement\\\":\\\"EntryAbility\\\",\\\"deviceTypes\\\":[\\\"phone\\\",\\\"tablet\\\",\\\"2in1\\\"],\\\"deliveryWithInstall\\\":true,\\\"installationFree\\\":false,\\\"pages\\\":\\\"$profile:main_pages\\\",\\\"abilities\\\":[{\\\"name\\\":\\\"EntryAbility\\\",\\\"backgroundModes\\\":[\\\"audioPlayback\\\"],\\\"srcEntry\\\":\\\"./ets/entryability/EntryAbility.ets\\\",\\\"description\\\":\\\"$string:EntryAbility_desc\\\",\\\"icon\\\":\\\"$media:layered_image\\\",\\\"label\\\":\\\"$string:EntryAbility_label\\\",\\\"startWindowIcon\\\":\\\"$media:startIcon\\\",\\\"startWindowBackground\\\":\\\"$color:start_window_background\\\",\\\"exported\\\":true,\\\"skills\\\":[{\\\"entities\\\":[\\\"entity.system.home\\\"],\\\"actions\\\":[\\\"action.system.home\\\"]}]}],\\\"extensionAbilities\\\":[{\\\"name\\\":\\\"EntryBackupAbility\\\",\\\"srcEntry\\\":\\\"./ets/entrybackupability/EntryBackupAbility.ets\\\",\\\"type\\\":\\\"backup\\\",\\\"exported\\\":false,\\\"metadata\\\":[{\\\"name\\\":\\\"ohos.extension.backup\\\",\\\"resource\\\":\\\"$profile:backup_config\\\"}]},{\\\"name\\\":\\\"EntryFormAbility\\\",\\\"srcEntry\\\":\\\"./ets/entryformability/EntryFormAbility.ets\\\",\\\"label\\\":\\\"$string:EntryFormAbility_label\\\",\\\"description\\\":\\\"$string:EntryFormAbility_desc\\\",\\\"type\\\":\\\"form\\\",\\\"metadata\\\":[{\\\"name\\\":\\\"ohos.extension.form\\\",\\\"resource\\\":\\\"$profile:form_config\\\"}]}]}},\\\"deviceTypes\\\":[\\\"phone\\\",\\\"tablet\\\",\\\"2in1\\\"],\\\"deviceConfig\\\":\\\"deviceTypes\\\",\\\"configurationProfile\\\":\\\"module.json5\\\"}\",\"_valueType\":\"string\"}"},{"dataType":"ValueEntry","value":"{\"_name\":\"isSupportOhpmProj\",\"_value\":true,\"_valueType\":\"boolean\"}"},{"dataType":"ValueEntry","value":"{\"_name\":\"customTypes\",\"_value\":\"\",\"_valueType\":\"string\"}"},{"dataType":"ValueEntry","value":"{\"_name\":\"./ets/widget/pages/WidgetCard.ets\",\"_value\":\"/Users/megasu/Documents/HarmonyOS/project/heima_music/entry/src/main/ets/widget/pages/WidgetCard.ets\",\"_valueType\":\"string\"}"},{"dataType":"ValueEntry","value":"{\"_name\":\"./ets/WidgetCard_l3_0/pages/WidgetCard_l3_0.ets\",\"_value\":\"/Users/megasu/Documents/HarmonyOS/project/heima_music/entry/src/main/ets/WidgetCard_l3_0/pages/WidgetCard_l3_0.ets\",\"_valueType\":\"string\"}"},{"dataType":"ValueEntry","value":"{\"_name\":\"useNormalizedOHMUrl\",\"_value\":false,\"_valueType\":\"boolean\"}"},{"dataType":"ValueEntry","value":"{\"_name\":\"integrated_hsp\",\"_value\":false,\"_valueType\":\"boolean\"}"},{"dataType":"ValueEntry","value":"{\"_name\":\"sourceRoots\",\"_value\":true,\"_valueType\":\"boolean\"}"},{"dataType":"ValueEntry","value":"{\"_name\":\"transformLib\",\"_value\":\"\",\"_valueType\":\"string\"}"},{"dataType":"ValueEntry","value":"{\"_name\":\"byteCodeHar\",\"_value\":false,\"_valueType\":\"boolean\"}"},{"dataType":"ValueEntry","value":"{\"_name\":\"mockConfigSources\",\"_value\":\"\",\"_valueType\":\"string\"}"},{"dataType":"ValueEntry","value":"{\"_name\":\"BUILTIN_TASK_COMMAND\",\"_value\":\"\",\"_valueType\":\"string\"}"},{"dataType":"ValueEntry","value":"{\"_name\":\"BUILTIN_TASK_TOOLCHAIN\",\"_value\":\"\",\"_valueType\":\"string\"}"},{"dataType":"ValueEntry","value":"{\"_name\":\"BUILTIN_TASK_ENV\",\"_value\":\"\",\"_valueType\":\"string\"}"}],"_successful":true,"_projectName":"heima_music","_moduleName":"entry","_taskName":"default@PreBuild","_key":":heima_music:entry:default@PreBuild","_executionId":":heima_music:entry:default@PreBuild:1721995317456","_inputFiles":{"dataType":"Map","value":[["/Users/megasu/Documents/HarmonyOS/project/heima_music/AppScope/app.json5",{"isDirectory":false,"fileSnapShotHashValue":"063f4aeb09645473f802479315929dee"}],["/Users/megasu/Documents/HarmonyOS/project/heima_music/entry/src/main/module.json5",{"isDirectory":false,"fileSnapShotHashValue":"e728e3f3157e17ae1f2c66eeb534b8b7"}],["/Users/megasu/Documents/HarmonyOS/project/heima_music/entry/src/main/resources/base/profile/form_config.json",{"isDirectory":false,"fileSnapShotHashValue":"d8ff228b2e5b83319819aacf0de98d1a"}],["/Users/megasu/Documents/HarmonyOS/project/heima_music/build-profile.json5",{"fileSnapShotHashValue":"ccca89bc3524f20d37218106707d56f0"}],["/Users/megasu/Documents/HarmonyOS/project/heima_music/entry/build-profile.json5",{"fileSnapShotHashValue":"235083accd8ab493277ce52e151cb64e"}],["/Users/megasu/Documents/HarmonyOS/project/heima_music/entry/src/main/resources/base/profile/main_pages.json",{"fileSnapShotHashValue":"8b19162cbee50fc348624dcf9fb826e2"}],["/Users/megasu/Documents/HarmonyOS/project/heima_music/hvigor/hvigor-config.json5",{"isDirectory":true,"fileSnapShotHashValue":"14fe4ee7966ad0452a46d154fbd74f8b"}],["/Users/megasu/Documents/HarmonyOS/project/heima_music/entry/src/mock/mock-config.json5",{"isDirectory":false,"fileSnapShotHashValue":"28653ebce0b497a91aa281ae8ce59fc2"}],["/Users/megasu/Documents/HarmonyOS/project/heima_music/entry/oh-package.json5",{"fileSnapShotHashValue":"af182e95788c7a8c3f8c23e5cbf7ce60"}]]},"_outputFiles":{"dataType":"Map","value":[]}},":heima_music:entry:default@GenerateMetadata":{"_inputs":[{"dataType":"ValueEntry","value":"{\"_name\":\"enableSignTask\",\"_value\":true,\"_valueType\":\"boolean\"}"},{"dataType":"ValueEntry","value":"{\"_name\":\"sdkToolchainsComponentVersion\",\"_value\":\"5.0.0.31\",\"_valueType\":\"string\"}"},{"dataType":"ValueEntry","value":"{\"_name\":\"existSigningConfig\",\"_value\":false,\"_valueType\":\"boolean\"}"},{"dataType":"ValueEntry","value":"{\"_name\":\"targetConfig\",\"_value\":\"{\\\"name\\\":\\\"default\\\"}\",\"_valueType\":\"string\"}"},{"dataType":"ValueEntry","value":"{\"_name\":\"moduleDeviceType\",\"_value\":[\"phone\",\"tablet\",\"2in1\"],\"_valueType\":\"object\"}"},{"dataType":"ValueEntry","value":"{\"_name\":\"product\",\"_value\":\"default\",\"_valueType\":\"string\"}"},{"dataType":"ValueEntry","value":"{\"_name\":\"entryModules\",\"_value\":[],\"_valueType\":\"object\"}"},{"dataType":"ValueEntry","value":"{\"_name\":\"remoteHspMetaData\",\"_valueType\":\"undefined\"}"},{"dataType":"ValueEntry","value":"{\"_name\":\"BUILTIN_TASK_COMMAND\",\"_value\":\"\",\"_valueType\":\"string\"}"},{"dataType":"ValueEntry","value":"{\"_name\":\"BUILTIN_TASK_TOOLCHAIN\",\"_value\":\"\",\"_valueType\":\"string\"}"},{"dataType":"ValueEntry","value":"{\"_name\":\"BUILTIN_TASK_ENV\",\"_value\":\"\",\"_valueType\":\"string\"}"}],"_successful":true,"_projectName":"heima_music","_moduleName":"entry","_taskName":"default@GenerateMetadata","_key":":heima_music:entry:default@GenerateMetadata","_executionId":":heima_music:entry:default@GenerateMetadata:1721995317468","_inputFiles":{"dataType":"Map","value":[["/Users/megasu/Documents/HarmonyOS/project/heima_music/entry/src/main/module.json5",{"fileSnapShotHashValue":"e728e3f3157e17ae1f2c66eeb534b8b7"}]]},"_outputFiles":{"dataType":"Map","value":[["/Users/megasu/Documents/HarmonyOS/project/heima_music/entry/build/default/intermediates/hap_metadata/default/output_metadata.json",{"fileSnapShotHashValue":"70af73be1880a91892f984214b39ace9"}]]}},":heima_music:entry:default@MergeProfile":{"_inputs":[{"dataType":"ValueEntry","value":"{\"_name\":\"targetSdkVersion\",\"_value\":12,\"_valueType\":\"number\"}"},{"dataType":"ValueEntry","value":"{\"_name\":\"compatibleSdkVersion\",\"_value\":12,\"_valueType\":\"number\"}"},{"dataType":"ValueEntry","value":"{\"_name\":\"releaseType\",\"_value\":\"Beta2\",\"_valueType\":\"string\"}"},{"dataType":"ValueEntry","value":"{\"_name\":\"buildRoot\",\"_value\":\"build\",\"_valueType\":\"string\"}"},{"dataType":"ValueEntry","value":"{\"_name\":\"isDebug\",\"_value\":true,\"_valueType\":\"boolean\"}"},{"dataType":"ValueEntry","value":"{\"_name\":\"asanEnable\",\"_value\":false,\"_valueType\":\"boolean\"}"},{"dataType":"ValueEntry","value":"{\"_name\":\"tsanEnable\",\"_value\":false,\"_valueType\":\"boolean\"}"},{"dataType":"ValueEntry","value":"{\"_name\":\"moduleJsonOpt\",\"_value\":\"{\\\"module\\\":{\\\"requestPermissions\\\":[{\\\"name\\\":\\\"ohos.permission.INTERNET\\\"},{\\\"name\\\":\\\"ohos.permission.KEEP_BACKGROUND_RUNNING\\\"}],\\\"name\\\":\\\"entry\\\",\\\"type\\\":\\\"entry\\\",\\\"description\\\":\\\"$string:module_desc\\\",\\\"mainElement\\\":\\\"EntryAbility\\\",\\\"deviceTypes\\\":[\\\"phone\\\",\\\"tablet\\\",\\\"2in1\\\"],\\\"deliveryWithInstall\\\":true,\\\"installationFree\\\":false,\\\"pages\\\":\\\"$profile:main_pages\\\",\\\"abilities\\\":[{\\\"name\\\":\\\"EntryAbility\\\",\\\"backgroundModes\\\":[\\\"audioPlayback\\\"],\\\"srcEntry\\\":\\\"./ets/entryability/EntryAbility.ets\\\",\\\"description\\\":\\\"$string:EntryAbility_desc\\\",\\\"icon\\\":\\\"$media:layered_image\\\",\\\"label\\\":\\\"$string:EntryAbility_label\\\",\\\"startWindowIcon\\\":\\\"$media:startIcon\\\",\\\"startWindowBackground\\\":\\\"$color:start_window_background\\\",\\\"exported\\\":true,\\\"skills\\\":[{\\\"entities\\\":[\\\"entity.system.home\\\"],\\\"actions\\\":[\\\"action.system.home\\\"]}]}],\\\"extensionAbilities\\\":[{\\\"name\\\":\\\"EntryBackupAbility\\\",\\\"srcEntry\\\":\\\"./ets/entrybackupability/EntryBackupAbility.ets\\\",\\\"type\\\":\\\"backup\\\",\\\"exported\\\":false,\\\"metadata\\\":[{\\\"name\\\":\\\"ohos.extension.backup\\\",\\\"resource\\\":\\\"$profile:backup_config\\\"}]},{\\\"name\\\":\\\"EntryFormAbility\\\",\\\"srcEntry\\\":\\\"./ets/entryformability/EntryFormAbility.ets\\\",\\\"label\\\":\\\"$string:EntryFormAbility_label\\\",\\\"description\\\":\\\"$string:EntryFormAbility_desc\\\",\\\"type\\\":\\\"form\\\",\\\"metadata\\\":[{\\\"name\\\":\\\"ohos.extension.form\\\",\\\"resource\\\":\\\"$profile:form_config\\\"}]}]}}\",\"_valueType\":\"string\"}"},{"dataType":"ValueEntry","value":"{\"_name\":\"isHarModule\",\"_value\":false,\"_valueType\":\"boolean\"}"},{"dataType":"ValueEntry","value":"{\"_name\":\"multiProjects\",\"_value\":false,\"_valueType\":\"boolean\"}"},{"dataType":"ValueEntry","value":"{\"_name\":\"buildProfileAbilities\",\"_valueType\":\"undefined\"}"},{"dataType":"ValueEntry","value":"{\"_name\":\"projectConfigAppOpt\",\"_valueType\":\"undefined\"}"},{"dataType":"ValueEntry","value":"{\"_name\":\"appJsonOpt\",\"_value\":\"{\\\"app\\\":{\\\"bundleName\\\":\\\"com.itheima.hm_music\\\",\\\"vendor\\\":\\\"example\\\",\\\"versionCode\\\":1000000,\\\"versionName\\\":\\\"1.0.0\\\",\\\"icon\\\":\\\"$media:app_icon\\\",\\\"label\\\":\\\"$string:app_name\\\"}}\",\"_valueType\":\"string\"}"},{"dataType":"ValueEntry","value":"{\"_name\":\"integratedHsp\",\"_value\":false,\"_valueType\":\"boolean\"}"},{"dataType":"ValueEntry","value":"{\"_name\":\"BUILTIN_TASK_COMMAND\",\"_value\":\"\",\"_valueType\":\"string\"}"},{"dataType":"ValueEntry","value":"{\"_name\":\"BUILTIN_TASK_TOOLCHAIN\",\"_value\":\"\",\"_valueType\":\"string\"}"},{"dataType":"ValueEntry","value":"{\"_name\":\"BUILTIN_TASK_ENV\",\"_value\":\"\",\"_valueType\":\"string\"}"}],"_successful":true,"_projectName":"heima_music","_moduleName":"entry","_taskName":"default@MergeProfile","_key":":heima_music:entry:default@MergeProfile","_executionId":":heima_music:entry:default@MergeProfile:1721995317471","_inputFiles":{"dataType":"Map","value":[["/Users/megasu/Documents/HarmonyOS/project/heima_music/AppScope/app.json5",{"fileSnapShotHashValue":"063f4aeb09645473f802479315929dee"}],["/Users/megasu/Documents/HarmonyOS/project/heima_music/build-profile.json5",{"fileSnapShotHashValue":"ccca89bc3524f20d37218106707d56f0"}],["/Users/megasu/Documents/HarmonyOS/project/heima_music/entry/src/main/module.json5",{"fileSnapShotHashValue":"e728e3f3157e17ae1f2c66eeb534b8b7"}]]},"_outputFiles":{"dataType":"Map","value":[["/Users/megasu/Documents/HarmonyOS/project/heima_music/entry/build/default/intermediates/merge_profile/default/module.json",{"fileSnapShotHashValue":"8561c5b649f3a066cf2ddb24fabd1bbf"}]]}},":heima_music:entry:default@CreateBuildProfile":{"_inputs":[{"dataType":"ValueEntry","value":"{\"_name\":\"buildMode\",\"_value\":\"Debug\",\"_valueType\":\"string\"}"},{"dataType":"ValueEntry","value":"{\"_name\":\"buildModeName\",\"_value\":\"debug\",\"_valueType\":\"string\"}"},{"dataType":"ValueEntry","value":"{\"_name\":\"projectOhosConfigAppOpt\",\"_valueType\":\"undefined\"}"},{"dataType":"ValueEntry","value":"{\"_name\":\"BUILTIN_TASK_COMMAND\",\"_value\":\"\",\"_valueType\":\"string\"}"},{"dataType":"ValueEntry","value":"{\"_name\":\"BUILTIN_TASK_TOOLCHAIN\",\"_value\":\"\",\"_valueType\":\"string\"}"},{"dataType":"ValueEntry","value":"{\"_name\":\"BUILTIN_TASK_ENV\",\"_value\":\"\",\"_valueType\":\"string\"}"}],"_successful":true,"_projectName":"heima_music","_moduleName":"entry","_taskName":"default@CreateBuildProfile","_key":":heima_music:entry:default@CreateBuildProfile","_executionId":":heima_music:entry:default@CreateBuildProfile:1721995317473","_inputFiles":{"dataType":"Map","value":[["/Users/megasu/Documents/HarmonyOS/project/heima_music/AppScope/app.json5",{"fileSnapShotHashValue":"063f4aeb09645473f802479315929dee"}],["/Users/megasu/Documents/HarmonyOS/project/heima_music/build-profile.json5",{"fileSnapShotHashValue":"ccca89bc3524f20d37218106707d56f0"}]]},"_outputFiles":{"dataType":"Map","value":[["/Users/megasu/Documents/HarmonyOS/project/heima_music/entry/build/default/generated/profile/default/BuildProfile.ets",{"fileSnapShotHashValue":"6a736faedfc54185882eff5e6a2771f5"}]]}},":heima_music:entry:default@GeneratePkgContextInfo":{"_inputs":[{"dataType":"ValueEntry","value":"{\"_name\":\"pkgContextInfoMap\",\"_value\":\"{\\\"entry\\\":{\\\"packageName\\\":\\\"entry\\\",\\\"bundleName\\\":\\\"\\\",\\\"moduleName\\\":\\\"\\\",\\\"version\\\":\\\"\\\",\\\"entryPath\\\":\\\"src/main/\\\",\\\"isSO\\\":false,\\\"dependencyAlias\\\":\\\"\\\"},\\\"@ohos/hypium\\\":{\\\"packageName\\\":\\\"@ohos/hypium\\\",\\\"bundleName\\\":\\\"\\\",\\\"moduleName\\\":\\\"\\\",\\\"version\\\":\\\"1.0.18\\\",\\\"entryPath\\\":\\\"index.js\\\",\\\"isSO\\\":false,\\\"dependencyAlias\\\":\\\"\\\"},\\\"@ohos/hamock\\\":{\\\"packageName\\\":\\\"@ohos/hamock\\\",\\\"bundleName\\\":\\\"\\\",\\\"moduleName\\\":\\\"\\\",\\\"version\\\":\\\"1.0.0\\\",\\\"entryPath\\\":\\\"index.ets\\\",\\\"isSO\\\":false,\\\"dependencyAlias\\\":\\\"\\\"}}\",\"_valueType\":\"string\"}"},{"dataType":"ValueEntry","value":"{\"_name\":\"useNormalizedOHMUrl\",\"_value\":false,\"_valueType\":\"boolean\"}"},{"dataType":"ValueEntry","value":"{\"_name\":\"BUILTIN_TASK_COMMAND\",\"_value\":\"\",\"_valueType\":\"string\"}"},{"dataType":"ValueEntry","value":"{\"_name\":\"BUILTIN_TASK_TOOLCHAIN\",\"_value\":\"\",\"_valueType\":\"string\"}"},{"dataType":"ValueEntry","value":"{\"_name\":\"BUILTIN_TASK_ENV\",\"_value\":\"\",\"_valueType\":\"string\"}"}],"_successful":false,"_projectName":"heima_music","_moduleName":"entry","_taskName":"default@GeneratePkgContextInfo","_key":":heima_music:entry:default@GeneratePkgContextInfo","_executionId":":heima_music:entry:default@GeneratePkgContextInfo:1721995317478","_inputFiles":{"dataType":"Map","value":[]},"_outputFiles":{"dataType":"Map","value":[["/Users/megasu/Documents/HarmonyOS/project/heima_music/entry/build/default/intermediates/loader/default/pkgContextInfo.json",{"isDirectory":false,"fileSnapShotHashValue":""}]]}},":heima_music:entry:default@ProcessIntegratedHsp":{"_inputs":[{"dataType":"ValueEntry","value":"{\"_name\":\"BUILTIN_TASK_COMMAND\",\"_value\":\"\",\"_valueType\":\"string\"}"},{"dataType":"ValueEntry","value":"{\"_name\":\"BUILTIN_TASK_TOOLCHAIN\",\"_value\":\"\",\"_valueType\":\"string\"}"},{"dataType":"ValueEntry","value":"{\"_name\":\"BUILTIN_TASK_ENV\",\"_value\":\"\",\"_valueType\":\"string\"}"}],"_successful":true,"_projectName":"heima_music","_moduleName":"entry","_taskName":"default@ProcessIntegratedHsp","_key":":heima_music:entry:default@ProcessIntegratedHsp","_executionId":":heima_music:entry:default@ProcessIntegratedHsp:1721995317479","_inputFiles":{"dataType":"Map","value":[]},"_outputFiles":{"dataType":"Map","value":[["/Users/megasu/Documents/HarmonyOS/project/heima_music/build/cache/default/integrated_hsp/integratedHspCache.json",{"isDirectory":false,"fileSnapShotHashValue":""}]]}},":heima_music:entry:default@MakePackInfo":{"_inputs":[{"dataType":"ValueEntry","value":"{\"_name\":\"deviceTypes\",\"_value\":[\"phone\",\"tablet\",\"2in1\"],\"_valueType\":\"object\"}"},{"dataType":"ValueEntry","value":"{\"_name\":\"compileSdkVersion\",\"_value\":12,\"_valueType\":\"number\"}"},{"dataType":"ValueEntry","value":"{\"_name\":\"compatibleSdkVersion\",\"_value\":12,\"_valueType\":\"number\"}"},{"dataType":"ValueEntry","value":"{\"_name\":\"moduleJsonOpt\",\"_value\":\"{\\\"module\\\":{\\\"requestPermissions\\\":[{\\\"name\\\":\\\"ohos.permission.INTERNET\\\"},{\\\"name\\\":\\\"ohos.permission.KEEP_BACKGROUND_RUNNING\\\"}],\\\"name\\\":\\\"entry\\\",\\\"type\\\":\\\"entry\\\",\\\"description\\\":\\\"$string:module_desc\\\",\\\"mainElement\\\":\\\"EntryAbility\\\",\\\"deviceTypes\\\":[\\\"phone\\\",\\\"tablet\\\",\\\"2in1\\\"],\\\"deliveryWithInstall\\\":true,\\\"pages\\\":\\\"$profile:main_pages\\\",\\\"abilities\\\":[{\\\"name\\\":\\\"EntryAbility\\\",\\\"backgroundModes\\\":[\\\"audioPlayback\\\"],\\\"srcEntry\\\":\\\"./ets/entryability/EntryAbility.ets\\\",\\\"description\\\":\\\"$string:EntryAbility_desc\\\",\\\"icon\\\":\\\"$media:layered_image\\\",\\\"label\\\":\\\"$string:EntryAbility_label\\\",\\\"startWindowIcon\\\":\\\"$media:startIcon\\\",\\\"startWindowBackground\\\":\\\"$color:start_window_background\\\",\\\"exported\\\":true,\\\"skills\\\":[{\\\"entities\\\":[\\\"entity.system.home\\\"],\\\"actions\\\":[\\\"action.system.home\\\"]}]}],\\\"extensionAbilities\\\":[{\\\"name\\\":\\\"EntryBackupAbility\\\",\\\"srcEntry\\\":\\\"./ets/entrybackupability/EntryBackupAbility.ets\\\",\\\"type\\\":\\\"backup\\\",\\\"exported\\\":false,\\\"metadata\\\":[{\\\"name\\\":\\\"ohos.extension.backup\\\",\\\"resource\\\":\\\"$profile:backup_config\\\"}]},{\\\"name\\\":\\\"EntryFormAbility\\\",\\\"srcEntry\\\":\\\"./ets/entryformability/EntryFormAbility.ets\\\",\\\"label\\\":\\\"$string:EntryFormAbility_label\\\",\\\"description\\\":\\\"$string:EntryFormAbility_desc\\\",\\\"type\\\":\\\"form\\\",\\\"metadata\\\":[{\\\"name\\\":\\\"ohos.extension.form\\\",\\\"resource\\\":\\\"$profile:form_config\\\"}]}]}}\",\"_valueType\":\"string\"}"},{"dataType":"ValueEntry","value":"{\"_name\":\"releaseType\",\"_value\":\"Beta2\",\"_valueType\":\"string\"}"},{"dataType":"ValueEntry","value":"{\"_name\":\"projectConfigAppOpt\",\"_valueType\":\"undefined\"}"},{"dataType":"ValueEntry","value":"{\"_name\":\"integratedHsp\",\"_value\":false,\"_valueType\":\"boolean\"}"},{"dataType":"ValueEntry","value":"{\"_name\":\"appResOpt\",\"_value\":\"{\\\"app\\\":{\\\"bundleName\\\":\\\"com.itheima.hm_music\\\",\\\"vendor\\\":\\\"example\\\",\\\"versionCode\\\":1000000,\\\"versionName\\\":\\\"1.0.0\\\",\\\"icon\\\":\\\"$media:app_icon\\\",\\\"label\\\":\\\"$string:app_name\\\"}}\",\"_valueType\":\"string\"}"},{"dataType":"ValueEntry","value":"{\"_name\":\"BUILTIN_TASK_COMMAND\",\"_value\":\"\",\"_valueType\":\"string\"}"},{"dataType":"ValueEntry","value":"{\"_name\":\"BUILTIN_TASK_TOOLCHAIN\",\"_value\":\"\",\"_valueType\":\"string\"}"},{"dataType":"ValueEntry","value":"{\"_name\":\"BUILTIN_TASK_ENV\",\"_value\":\"\",\"_valueType\":\"string\"}"}],"_successful":true,"_projectName":"heima_music","_moduleName":"entry","_taskName":"default@MakePackInfo","_key":":heima_music:entry:default@MakePackInfo","_executionId":":heima_music:entry:default@MakePackInfo:1721995317481","_inputFiles":{"dataType":"Map","value":[["/Users/megasu/Documents/HarmonyOS/project/heima_music/AppScope/app.json5",{"fileSnapShotHashValue":"063f4aeb09645473f802479315929dee"}],["/Users/megasu/Documents/HarmonyOS/project/heima_music/entry/src/main/module.json5",{"fileSnapShotHashValue":"e728e3f3157e17ae1f2c66eeb534b8b7"}],["/Users/megasu/Documents/HarmonyOS/project/heima_music/build-profile.json5",{"fileSnapShotHashValue":"ccca89bc3524f20d37218106707d56f0"}],["/Users/megasu/Documents/HarmonyOS/project/heima_music/entry/src/main/resources/base/profile/backup_config.json",{"fileSnapShotHashValue":"30684b57e9cc4722b8e5c0d65b4faf71"}],["/Users/megasu/Documents/HarmonyOS/project/heima_music/entry/src/main/resources/base/profile/form_config.json",{"fileSnapShotHashValue":"d8ff228b2e5b83319819aacf0de98d1a"}]]},"_outputFiles":{"dataType":"Map","value":[["/Users/megasu/Documents/HarmonyOS/project/heima_music/entry/build/default/outputs/default/pack.info",{"fileSnapShotHashValue":"5f3af95b215d5161f3e0a6387c3eaf24"}]]}},":heima_music:entry:default@ProcessProfile":{"_inputs":[{"dataType":"ValueEntry","value":"{\"_name\":\"arkEnable\",\"_value\":true,\"_valueType\":\"boolean\"}"},{"dataType":"ValueEntry","value":"{\"_name\":\"compileMode\",\"_value\":\"esmodule\",\"_valueType\":\"string\"}"},{"dataType":"ValueEntry","value":"{\"_name\":\"deviceTypes\",\"_value\":[\"phone\",\"tablet\",\"2in1\"],\"_valueType\":\"object\"}"},{"dataType":"ValueEntry","value":"{\"_name\":\"dependency\",\"_value\":\"[]\",\"_valueType\":\"string\"}"},{"dataType":"ValueEntry","value":"{\"_name\":\"BUILTIN_TASK_COMMAND\",\"_value\":\"\",\"_valueType\":\"string\"}"},{"dataType":"ValueEntry","value":"{\"_name\":\"BUILTIN_TASK_TOOLCHAIN\",\"_value\":\"\",\"_valueType\":\"string\"}"},{"dataType":"ValueEntry","value":"{\"_name\":\"BUILTIN_TASK_ENV\",\"_value\":\"\",\"_valueType\":\"string\"}"}],"_successful":true,"_projectName":"heima_music","_moduleName":"entry","_taskName":"default@ProcessProfile","_key":":heima_music:entry:default@ProcessProfile","_executionId":":heima_music:entry:default@ProcessProfile:1721995317483","_inputFiles":{"dataType":"Map","value":[["/Users/megasu/Documents/HarmonyOS/project/heima_music/entry/build/default/intermediates/merge_profile/default/module.json",{"fileSnapShotHashValue":"8561c5b649f3a066cf2ddb24fabd1bbf"}]]},"_outputFiles":{"dataType":"Map","value":[["/Users/megasu/Documents/HarmonyOS/project/heima_music/entry/build/default/intermediates/process_profile/default/module.json",{"fileSnapShotHashValue":"0d13f2bf068a5be3a235e17ede3dc007"}]]}},":heima_music:entry:default@SyscapTransform":{"_inputs":[{"dataType":"ValueEntry","value":"{\"_name\":\"deviceTypes\",\"_value\":[\"phone\",\"tablet\",\"2in1\"],\"_valueType\":\"object\"}"},{"dataType":"ValueEntry","value":"{\"_name\":\"BUILTIN_TASK_COMMAND\",\"_value\":\"\",\"_valueType\":\"string\"}"},{"dataType":"ValueEntry","value":"{\"_name\":\"BUILTIN_TASK_TOOLCHAIN\",\"_value\":\"\",\"_valueType\":\"string\"}"},{"dataType":"ValueEntry","value":"{\"_name\":\"BUILTIN_TASK_ENV\",\"_value\":\"\",\"_valueType\":\"string\"}"}],"_successful":true,"_projectName":"heima_music","_moduleName":"entry","_taskName":"default@SyscapTransform","_key":":heima_music:entry:default@SyscapTransform","_executionId":":heima_music:entry:default@SyscapTransform:1721995317530","_inputFiles":{"dataType":"Map","value":[["/Applications/DevEco-Studio.app/Contents/sdk/HarmonyOS-NEXT-DB2/openharmony/toolchains/syscap_tool",{"fileSnapShotHashValue":"53e9fad407b386c2e6df4a737e9bb790"}],["/Applications/DevEco-Studio.app/Contents/sdk/HarmonyOS-NEXT-DB2/openharmony/ets/api/device-define",{"fileSnapShotHashValue":"5152dd8de808b1d1d5a7247be019770e"}]]},"_outputFiles":{"dataType":"Map","value":[["/Users/megasu/Documents/HarmonyOS/project/heima_music/entry/build/default/intermediates/syscap/default/rpcid.sc",{"fileSnapShotHashValue":""}]]}},":heima_music:entry:default@ProcessRouterMap":{"_inputs":[{"dataType":"ValueEntry","value":"{\"_name\":\"BUILTIN_TASK_COMMAND\",\"_value\":\"\",\"_valueType\":\"string\",\"_hash\":\"0b5d05294fdf4e78e8482ef53eb64ac0\"}"},{"dataType":"ValueEntry","value":"{\"_name\":\"BUILTIN_TASK_ENV\",\"_value\":\"\",\"_valueType\":\"string\",\"_hash\":\"cdcdc2ec8062ca9ec1de46dbf2bbc053\"}"},{"dataType":"ValueEntry","value":"{\"_name\":\"BUILTIN_TASK_TOOLCHAIN\",\"_value\":\"\",\"_valueType\":\"string\",\"_hash\":\"e7f94a9422a8bc317a7d90b58efcb5f6\"}"},{"dataType":"ValueEntry","value":"{\"_name\":\"byteCodeHar\",\"_value\":false,\"_valueType\":\"boolean\",\"_hash\":\"1918a3ccb645ccacd0aedd84fc6cf8a4\"}"},{"dataType":"ValueEntry","value":"{\"_name\":\"obfuscated\",\"_value\":true,\"_valueType\":\"boolean\",\"_hash\":\"a69c27b9cf01a6710d3662cfe180239f\"}"},{"dataType":"ValueEntry","value":"{\"_name\":\"useNormalizedOHMUrl\",\"_value\":false,\"_valueType\":\"boolean\",\"_hash\":\"45c309ddef659bd1ca26b5b8988a1a78\"}"}],"_successful":true,"_projectName":"heima_music","_moduleName":"entry","_taskName":"default@ProcessRouterMap","_key":":heima_music:entry:default@ProcessRouterMap","_executionId":":heima_music:entry:default@ProcessRouterMap:1721992315693","_inputFiles":{"dataType":"Map","value":[["/Users/megasu/Documents/HarmonyOS/project/heima_music/entry/oh-package.json5",{"fileSnapShotHashValue":"af182e95788c7a8c3f8c23e5cbf7ce60"}],["/Users/megasu/Documents/HarmonyOS/project/heima_music/oh-package.json5",{"fileSnapShotHashValue":"0a06b48c5521b4949cbf4a92d1ec35a7"}],["/Users/megasu/Documents/HarmonyOS/project/heima_music/entry/src/main/module.json5",{"fileSnapShotHashValue":"e728e3f3157e17ae1f2c66eeb534b8b7"}]]},"_outputFiles":{"dataType":"Map","value":[["/Users/megasu/Documents/HarmonyOS/project/heima_music/entry/build/default/intermediates/router_map/default/temp-router-map.json",{"fileSnapShotHashValue":"84fe42a2acc9ac4a7430bafc9a4e0425"}],["/Users/megasu/Documents/HarmonyOS/project/heima_music/entry/build/default/intermediates/router_map/default/loader-router-map.json",{"fileSnapShotHashValue":"b430a30bf22e5477bb8c9a27d8107c9c"}]]}},":heima_music:entry:default@ProcessResource":{"_inputs":[{"dataType":"ValueEntry","value":"{\"_name\":\"/Users/megasu/Documents/HarmonyOS/project/heima_music/entry/build/default/intermediates/res/default/opt-compression.json\",\"_value\":\"{\\\"context\\\":{\\\"extensionPath\\\":\\\"/Applications/DevEco-Studio.app/Contents/sdk/HarmonyOS-NEXT-DB2/hms/toolchains/lib/libimage_transcoder_shared.dylib\\\"},\\\"compression\\\":{\\\"media\\\":{\\\"enable\\\":false},\\\"filters\\\":[]}}\",\"_valueType\":\"string\",\"_hash\":\"a87553ab975379b09bba5c5c6abebd23\"}"},{"dataType":"ValueEntry","value":"{\"_name\":\"BUILTIN_TASK_COMMAND\",\"_value\":\"\",\"_valueType\":\"string\",\"_hash\":\"0b5d05294fdf4e78e8482ef53eb64ac0\"}"},{"dataType":"ValueEntry","value":"{\"_name\":\"BUILTIN_TASK_ENV\",\"_value\":\"\",\"_valueType\":\"string\",\"_hash\":\"cdcdc2ec8062ca9ec1de46dbf2bbc053\"}"},{"dataType":"ValueEntry","value":"{\"_name\":\"BUILTIN_TASK_TOOLCHAIN\",\"_value\":\"\",\"_valueType\":\"string\",\"_hash\":\"e7f94a9422a8bc317a7d90b58efcb5f6\"}"},{"dataType":"ValueEntry","value":"{\"_name\":\"resConfigJsonContent\",\"_value\":\"{\\\"configPath\\\":\\\"/Users/megasu/Documents/HarmonyOS/project/heima_music/entry/build/default/intermediates/process_profile/default/module.json\\\",\\\"packageName\\\":\\\"com.itheima.hm_music\\\",\\\"output\\\":\\\"/Users/megasu/Documents/HarmonyOS/project/heima_music/entry/build/default/intermediates/res/default\\\",\\\"moduleNames\\\":\\\"entry\\\",\\\"ResourceTable\\\":[\\\"/Users/megasu/Documents/HarmonyOS/project/heima_music/entry/build/default/generated/r/default/ResourceTable.h\\\"],\\\"applicationResource\\\":\\\"/Users/megasu/Documents/HarmonyOS/project/heima_music/AppScope/resources\\\",\\\"moduleResources\\\":[\\\"/Users/megasu/Documents/HarmonyOS/project/heima_music/entry/src/main/resources\\\"],\\\"dependencies\\\":[],\\\"iconCheck\\\":true,\\\"ids\\\":\\\"/Users/megasu/Documents/HarmonyOS/project/heima_music/entry/build/default/intermediates/res/default/ids_map\\\",\\\"definedIds\\\":\\\"/Users/megasu/Documents/HarmonyOS/project/heima_music/entry/build/default/intermediates/res/default/ids_map/id_defined.json\\\",\\\"definedSysIds\\\":\\\"/Applications/DevEco-Studio.app/Contents/sdk/HarmonyOS-NEXT-DB2/hms/toolchains/id_defined.json\\\"}\",\"_valueType\":\"string\",\"_hash\":\"6075702a5b265f4b9eb43830dd8b44c9\"}"}],"_successful":true,"_projectName":"heima_music","_moduleName":"entry","_taskName":"default@ProcessResource","_key":":heima_music:entry:default@ProcessResource","_executionId":":heima_music:entry:default@ProcessResource:1721990597625","_inputFiles":{"dataType":"Map","value":[]},"_outputFiles":{"dataType":"Map","value":[["/Users/megasu/Documents/HarmonyOS/project/heima_music/entry/build/default/intermediates/res/default/resConfig.json",{"isDirectory":false,"fileSnapShotHashValue":"178da3d41d855a18957688b01d4ff220"}],["/Users/megasu/Documents/HarmonyOS/project/heima_music/entry/build/default/intermediates/res/default/opt-compression.json",{"isDirectory":false,"fileSnapShotHashValue":"3900522fb44e580a7461462bc32dee87"}]]}},":heima_music:entry:default@GenerateLoaderJson":{"_inputs":[{"dataType":"ValueEntry","value":"{\"_name\":\"BUILTIN_TASK_COMMAND\",\"_value\":\"\",\"_valueType\":\"string\",\"_hash\":\"0b5d05294fdf4e78e8482ef53eb64ac0\"}"},{"dataType":"ValueEntry","value":"{\"_name\":\"BUILTIN_TASK_ENV\",\"_value\":\"\",\"_valueType\":\"string\",\"_hash\":\"cdcdc2ec8062ca9ec1de46dbf2bbc053\"}"},{"dataType":"ValueEntry","value":"{\"_name\":\"BUILTIN_TASK_TOOLCHAIN\",\"_value\":\"\",\"_valueType\":\"string\",\"_hash\":\"e7f94a9422a8bc317a7d90b58efcb5f6\"}"},{"dataType":"ValueEntry","value":"{\"_name\":\"anBuildMode\",\"_value\":\"type\",\"_valueType\":\"string\",\"_hash\":\"de241a1eec94a2a622ff1c89f32846a2\"}"},{"dataType":"ValueEntry","value":"{\"_name\":\"apPath\",\"_value\":\"/Users/megasu/Documents/HarmonyOS/project/heima_music/entry/modules.ap\",\"_valueType\":\"string\",\"_hash\":\"afa912043af36ffa5aec4dbbbac3eb09\"}"},{"dataType":"ValueEntry","value":"{\"_name\":\"compatibleApiVersion\",\"_value\":12,\"_valueType\":\"number\",\"_hash\":\"b8c1ba3ecddcd8b1be17325fb873c8bc\"}"},{"dataType":"ValueEntry","value":"{\"_name\":\"compileApiVersion\",\"_value\":12,\"_valueType\":\"number\",\"_hash\":\"5bc55d1554c9b9f95bf3de5259c04c8b\"}"},{"dataType":"ValueEntry","value":"{\"_name\":\"compileMode\",\"_value\":\"esmodule\",\"_valueType\":\"string\",\"_hash\":\"dacafc8e0b77a950178a0b4d142dc32c\"}"},{"dataType":"ValueEntry","value":"{\"_name\":\"fallbackAnBuild\",\"_value\":false,\"_valueType\":\"boolean\",\"_hash\":\"a63e98bb3f368ced6ed4d5579ea7ca39\"}"},{"dataType":"ValueEntry","value":"{\"_name\":\"harNameOhmMap\",\"_value\":\"{}\",\"_valueType\":\"string\",\"_hash\":\"0faf006bccbcdc2c7f04ff2d8c87894f\"}"},{"dataType":"ValueEntry","value":"{\"_name\":\"hspNameOhmMap\",\"_value\":\"{}\",\"_valueType\":\"string\",\"_hash\":\"0e2d87e0c1ed279c66bc3efb8683e5d1\"}"},{"dataType":"ValueEntry","value":"{\"_name\":\"isByteCodeHar\",\"_value\":false,\"_valueType\":\"boolean\",\"_hash\":\"c5f9b9e5cabee4253d52d0d01ca64ba2\"}"},{"dataType":"ValueEntry","value":"{\"_name\":\"isFullCompilationEnabled\",\"_value\":true,\"_valueType\":\"boolean\",\"_hash\":\"98b683d049e4e7fc32ef1be5321fe0b6\"}"},{"dataType":"ValueEntry","value":"{\"_name\":\"isHarInTestMode\",\"_value\":false,\"_valueType\":\"boolean\",\"_hash\":\"0dab3f8a643025835188443eccef7725\"}"},{"dataType":"ValueEntry","value":"{\"_name\":\"isHarWithCoverage\",\"_value\":false,\"_valueType\":\"boolean\",\"_hash\":\"7224a86bd9c5f83cb9a1a61584afcfb4\"}"},{"dataType":"ValueEntry","value":"{\"_name\":\"modulePathMap\",\"_value\":\"{\\\"entry\\\":\\\"/Users/megasu/Documents/HarmonyOS/project/heima_music/entry\\\"}\",\"_valueType\":\"string\",\"_hash\":\"31b1f10662e847ea88fe169fe24993d1\"}"},{"dataType":"ValueEntry","value":"{\"_name\":\"module_dependencies\",\"_value\":\"{}\",\"_valueType\":\"string\",\"_hash\":\"974757f304b5bfd1c1454ea7a38cd0d5\"}"},{"dataType":"ValueEntry","value":"{\"_name\":\"nodeModulesPath\",\"_value\":\"/Users/megasu/Documents/HarmonyOS/project/heima_music/entry/build/default/intermediates/loader_out/default/node_modules\",\"_valueType\":\"string\",\"_hash\":\"c38eb20b9be57d8127da3203a8081b17\"}"},{"dataType":"ValueEntry","value":"{\"_name\":\"overrides\",\"_valueType\":\"undefined\",\"_hash\":\"0e8f66f8eb79c6f33fb153c3fc3942f4\"}"},{"dataType":"ValueEntry","value":"{\"_name\":\"projectRootPath\",\"_value\":\"/Users/megasu/Documents/HarmonyOS/project/heima_music\",\"_valueType\":\"string\",\"_hash\":\"5239ef2b2ae4df479a1d34fd6d6133c7\"}"},{"dataType":"ValueEntry","value":"{\"_name\":\"project_dependencies\",\"_value\":\"{}\",\"_valueType\":\"string\",\"_hash\":\"e15496bf1de2273597f444f07f1ca6d5\"}"},{"dataType":"ValueEntry","value":"{\"_name\":\"targetConfig\",\"_value\":\"{\\\"name\\\":\\\"default\\\"}\",\"_valueType\":\"string\",\"_hash\":\"44f0c01d44e2bbf4013c5bb1f232e1fe\"}"},{"dataType":"ValueEntry","value":"{\"_name\":\"useNormalizedOHMUrl\",\"_value\":false,\"_valueType\":\"boolean\",\"_hash\":\"45c309ddef659bd1ca26b5b8988a1a78\"}"}],"_successful":true,"_projectName":"heima_music","_moduleName":"entry","_taskName":"default@GenerateLoaderJson","_key":":heima_music:entry:default@GenerateLoaderJson","_executionId":":heima_music:entry:default@GenerateLoaderJson:1721992315699","_inputFiles":{"dataType":"Map","value":[["/Users/megasu/Documents/HarmonyOS/project/heima_music/entry/src/mock/mock-config.json5",{"fileSnapShotHashValue":"28653ebce0b497a91aa281ae8ce59fc2"}],["/Users/megasu/Documents/HarmonyOS/project/heima_music/entry/build/default/intermediates/router_map/default/temp-router-map.json",{"fileSnapShotHashValue":"84fe42a2acc9ac4a7430bafc9a4e0425"}]]},"_outputFiles":{"dataType":"Map","value":[["/Users/megasu/Documents/HarmonyOS/project/heima_music/entry/build/default/intermediates/loader/default/loader.json",{"isDirectory":false,"fileSnapShotHashValue":"667f58ba4ec6de954d022b1e0912038c"}]]}},":heima_music:entry:default@ProcessLibs":{"_inputs":[{"dataType":"ValueEntry","value":"{\"_name\":\"BUILTIN_TASK_COMMAND\",\"_value\":\"\",\"_valueType\":\"string\"}"},{"dataType":"ValueEntry","value":"{\"_name\":\"BUILTIN_TASK_TOOLCHAIN\",\"_value\":\"\",\"_valueType\":\"string\"}"},{"dataType":"ValueEntry","value":"{\"_name\":\"BUILTIN_TASK_ENV\",\"_value\":\"\",\"_valueType\":\"string\"}"}],"_successful":true,"_projectName":"heima_music","_moduleName":"entry","_taskName":"default@ProcessLibs","_key":":heima_music:entry:default@ProcessLibs","_executionId":":heima_music:entry:default@ProcessLibs:1721995317542","_inputFiles":{"dataType":"Map","value":[["/Users/megasu/Documents/HarmonyOS/project/heima_music/build-profile.json5",{"fileSnapShotHashValue":"ccca89bc3524f20d37218106707d56f0"}],["/Users/megasu/Documents/HarmonyOS/project/heima_music/entry/build-profile.json5",{"fileSnapShotHashValue":"235083accd8ab493277ce52e151cb64e"}]]},"_outputFiles":{"dataType":"Map","value":[["/Users/megasu/Documents/HarmonyOS/project/heima_music/entry/build/default/intermediates/libs/default",{"isDirectory":true,"fileSnapShotHashValue":""}]]}},":heima_music:entry:default@CompileResource":{"_inputs":[{"dataType":"ValueEntry","value":"{\"_name\":\"TARGET_CONFIG\",\"_value\":\"{\\\"name\\\":\\\"default\\\"}\",\"_valueType\":\"string\"}"},{"dataType":"ValueEntry","value":"{\"_name\":\"BUILTIN_TASK_COMMAND\",\"_value\":\"/Applications/DevEco-Studio.app/Contents/sdk/HarmonyOS-NEXT-DB2/openharmony/toolchains/restool,-l,/Users/megasu/Documents/HarmonyOS/project/heima_music/entry/build/default/intermediates/res/default/resConfig.json\",\"_valueType\":\"string\"}"},{"dataType":"ValueEntry","value":"{\"_name\":\"BUILTIN_TASK_TOOLCHAIN\",\"_value\":\"/Applications/DevEco-Studio.app/Contents/sdk/HarmonyOS-NEXT-DB2/openharmony/toolchains/restool\",\"_valueType\":\"string\"}"},{"dataType":"ValueEntry","value":"{\"_name\":\"BUILTIN_TASK_ENV\",\"_value\":\"\",\"_valueType\":\"string\"}"}],"_successful":true,"_projectName":"heima_music","_moduleName":"entry","_taskName":"default@CompileResource","_key":":heima_music:entry:default@CompileResource","_executionId":":heima_music:entry:default@CompileResource:1721995317546","_inputFiles":{"dataType":"Map","value":[["/Users/megasu/Documents/HarmonyOS/project/heima_music/entry/src/main/resources",{"fileSnapShotHashValue":"19f0826b32965ed3da24fb40173e00d5"}],["/Users/megasu/Documents/HarmonyOS/project/heima_music/AppScope/resources",{"fileSnapShotHashValue":"7f9a5a422a5c805d685080bd54af7221"}],["/Users/megasu/Documents/HarmonyOS/project/heima_music/entry/build/default/intermediates/process_profile/default/module.json",{"isDirectory":false,"fileSnapShotHashValue":"0d13f2bf068a5be3a235e17ede3dc007"}],["/Users/megasu/Documents/HarmonyOS/project/heima_music/entry/build/default/intermediates/res/default/resConfig.json",{"isDirectory":false,"fileSnapShotHashValue":"178da3d41d855a18957688b01d4ff220"}]]},"_outputFiles":{"dataType":"Map","value":[["/Users/megasu/Documents/HarmonyOS/project/heima_music/entry/build/default/intermediates/res/default",{"isDirectory":true,"fileSnapShotHashValue":"bc1f549e0f83410e5123daa687e85c2f"}],["/Users/megasu/Documents/HarmonyOS/project/heima_music/entry/build/default/generated/r/default/ResourceTable.h",{"isDirectory":false,"fileSnapShotHashValue":"f2f84752c8795afa005a0c328ab42e49"}],["/Users/megasu/Documents/HarmonyOS/project/heima_music/entry/build/default/generated/r/default",{"isDirectory":true,"fileSnapShotHashValue":"e379a4cfb1eddbba738987c205f8cc77"}]]}},":heima_music:entry:default@CompileArkTS":{"_inputs":[{"dataType":"ValueEntry","value":"{\"_name\":\"debuggable\",\"_value\":true,\"_valueType\":\"boolean\"}"},{"dataType":"ValueEntry","value":"{\"_name\":\"isArk\",\"_value\":true,\"_valueType\":\"boolean\"}"},{"dataType":"ValueEntry","value":"{\"_name\":\"needCoverageInsert\",\"_value\":false,\"_valueType\":\"boolean\"}"},{"dataType":"ValueEntry","value":"{\"_name\":\"ark.tsImportSendable\",\"_value\":false,\"_valueType\":\"boolean\"}"},{"dataType":"ValueEntry","value":"{\"_name\":\"customTypes\",\"_value\":\"\",\"_valueType\":\"string\"}"},{"dataType":"ValueEntry","value":"{\"_name\":\"caseSensitiveCheck\",\"_value\":false,\"_valueType\":\"boolean\"}"},{"dataType":"ValueEntry","value":"{\"_name\":\"useNormalizedOHMUrl\",\"_value\":false,\"_valueType\":\"boolean\"}"},{"dataType":"ValueEntry","value":"{\"_name\":\"transformLib\",\"_value\":\"\",\"_valueType\":\"string\"}"},{"dataType":"ValueEntry","value":"{\"_name\":\"arkTsWdiget\",\"_value\":true,\"_valueType\":\"boolean\"}"},{"dataType":"ValueEntry","value":"{\"_name\":\"OBFUSCATION_ENABLE\",\"_value\":\"undefined\",\"_valueType\":\"string\"}"},{"dataType":"ValueEntry","value":"{\"_name\":\"noExternalImportByPath\",\"_value\":false,\"_valueType\":\"boolean\"}"},{"dataType":"ValueEntry","value":"{\"_name\":\"BUILTIN_TASK_COMMAND\",\"_value\":\"\",\"_valueType\":\"string\"}"},{"dataType":"ValueEntry","value":"{\"_name\":\"BUILTIN_TASK_TOOLCHAIN\",\"_value\":\"\",\"_valueType\":\"string\"}"},{"dataType":"ValueEntry","value":"{\"_name\":\"BUILTIN_TASK_ENV\",\"_value\":\"\",\"_valueType\":\"string\"}"}],"_successful":true,"_projectName":"heima_music","_moduleName":"entry","_taskName":"default@CompileArkTS","_key":":heima_music:entry:default@CompileArkTS","_executionId":":heima_music:entry:default@CompileArkTS:1721995317619","_inputFiles":{"dataType":"Map","value":[["/Users/megasu/Documents/HarmonyOS/project/heima_music/entry/build/default/intermediates/loader/default",{"isDirectory":true,"fileSnapShotHashValue":"c51ac3163664a074be319d9ebc3100a9"}],["/Users/megasu/Documents/HarmonyOS/project/heima_music/entry/build/default/intermediates/res/default/resources/rawfile",{"isDirectory":true,"fileSnapShotHashValue":""}],["/Users/megasu/Documents/HarmonyOS/project/heima_music/entry/build/default/intermediates/res/default/ResourceTable.txt",{"fileSnapShotHashValue":"7b65497b3ab1b73c125e1fac4f8621b1"}],["/Users/megasu/Documents/HarmonyOS/project/heima_music/entry/build/default/intermediates/res/default/module.json",{"fileSnapShotHashValue":"c6ac3e48e296220d853b89b9c32503a4"}],["/Users/megasu/Documents/HarmonyOS/project/heima_music/entry/build/default/intermediates/res/default/resources/base/profile",{"isDirectory":true,"fileSnapShotHashValue":"fe1d322aa32e2c824a0d97fee1ee792d"}],["/Users/megasu/Documents/HarmonyOS/project/heima_music/entry/src/main/ets",{"isDirectory":true,"fileSnapShotHashValue":"0db57f848709928f8f79fbaa621a8ef8"}],["/Users/megasu/Documents/HarmonyOS/project/heima_music/entry/src/main/resources/base/profile/form_config.json",{"fileSnapShotHashValue":"d8ff228b2e5b83319819aacf0de98d1a"}],["/Users/megasu/Documents/HarmonyOS/project/heima_music/entry/build/default/generated/profile/default/BuildProfile.ets",{"fileSnapShotHashValue":"6a736faedfc54185882eff5e6a2771f5"}],["/Users/megasu/Documents/HarmonyOS/project/heima_music/entry/src/mock/mock-config.json5",{"isDirectory":false,"fileSnapShotHashValue":"28653ebce0b497a91aa281ae8ce59fc2"}]]},"_outputFiles":{"dataType":"Map","value":[["/Users/megasu/Documents/HarmonyOS/project/heima_music/entry/build/default/intermediates/loader_out/default/ets",{"isDirectory":true,"fileSnapShotHashValue":"546280d0c99c77f1872712ad12f122a2"}]]}},":heima_music:entry:default@BuildJS":{"_inputs":[{"dataType":"ValueEntry","value":"{\"_name\":\"debuggable\",\"_value\":true,\"_valueType\":\"boolean\"}"},{"dataType":"ValueEntry","value":"{\"_name\":\"isArk\",\"_value\":true,\"_valueType\":\"boolean\"}"},{"dataType":"ValueEntry","value":"{\"_name\":\"needCoverageInsert\",\"_value\":false,\"_valueType\":\"boolean\"}"},{"dataType":"ValueEntry","value":"{\"_name\":\"ark.tsImportSendable\",\"_value\":false,\"_valueType\":\"boolean\"}"},{"dataType":"ValueEntry","value":"{\"_name\":\"customTypes\",\"_value\":\"\",\"_valueType\":\"string\"}"},{"dataType":"ValueEntry","value":"{\"_name\":\"caseSensitiveCheck\",\"_value\":false,\"_valueType\":\"boolean\"}"},{"dataType":"ValueEntry","value":"{\"_name\":\"useNormalizedOHMUrl\",\"_value\":false,\"_valueType\":\"boolean\"}"},{"dataType":"ValueEntry","value":"{\"_name\":\"transformLib\",\"_value\":\"\",\"_valueType\":\"string\"}"},{"dataType":"ValueEntry","value":"{\"_name\":\"BUILTIN_TASK_COMMAND\",\"_value\":\"\",\"_valueType\":\"string\"}"},{"dataType":"ValueEntry","value":"{\"_name\":\"BUILTIN_TASK_TOOLCHAIN\",\"_value\":\"\",\"_valueType\":\"string\"}"},{"dataType":"ValueEntry","value":"{\"_name\":\"BUILTIN_TASK_ENV\",\"_value\":\"\",\"_valueType\":\"string\"}"}],"_successful":false,"_projectName":"heima_music","_moduleName":"entry","_taskName":"default@BuildJS","_key":":heima_music:entry:default@BuildJS","_executionId":":heima_music:entry:default@BuildJS:1721995317630","_inputFiles":{"dataType":"Map","value":[["/Users/megasu/Documents/HarmonyOS/project/heima_music/entry/build/default/intermediates/loader/default",{"isDirectory":true,"fileSnapShotHashValue":"c51ac3163664a074be319d9ebc3100a9"}],["/Users/megasu/Documents/HarmonyOS/project/heima_music/entry/build/default/intermediates/res/default/resources/rawfile",{"isDirectory":true,"fileSnapShotHashValue":""}],["/Users/megasu/Documents/HarmonyOS/project/heima_music/entry/build/default/intermediates/res/default/ResourceTable.txt",{"fileSnapShotHashValue":"7b65497b3ab1b73c125e1fac4f8621b1"}],["/Users/megasu/Documents/HarmonyOS/project/heima_music/entry/build/default/intermediates/res/default/module.json",{"fileSnapShotHashValue":"c6ac3e48e296220d853b89b9c32503a4"}],["/Users/megasu/Documents/HarmonyOS/project/heima_music/entry/build/default/intermediates/res/default/resources/base/profile",{"isDirectory":true,"fileSnapShotHashValue":"fe1d322aa32e2c824a0d97fee1ee792d"}]]},"_outputFiles":{"dataType":"Map","value":[["/Users/megasu/Documents/HarmonyOS/project/heima_music/entry/build/default/intermediates/loader_out/default/js",{"isDirectory":true,"fileSnapShotHashValue":""}]]}},":heima_music:entry:default@DoNativeStrip":{"_inputs":[{"dataType":"ValueEntry","value":"{\"_name\":\"BUILTIN_TASK_COMMAND\",\"_value\":\"\",\"_valueType\":\"string\",\"_hash\":\"0b5d05294fdf4e78e8482ef53eb64ac0\"}"},{"dataType":"ValueEntry","value":"{\"_name\":\"BUILTIN_TASK_ENV\",\"_value\":\"\",\"_valueType\":\"string\",\"_hash\":\"cdcdc2ec8062ca9ec1de46dbf2bbc053\"}"},{"dataType":"ValueEntry","value":"{\"_name\":\"BUILTIN_TASK_TOOLCHAIN\",\"_value\":\"\",\"_valueType\":\"string\",\"_hash\":\"e7f94a9422a8bc317a7d90b58efcb5f6\"}"}],"_successful":true,"_projectName":"heima_music","_moduleName":"entry","_taskName":"default@DoNativeStrip","_key":":heima_music:entry:default@DoNativeStrip","_executionId":":heima_music:entry:default@DoNativeStrip:1721990598031","_inputFiles":{"dataType":"Map","value":[["/Users/megasu/Documents/HarmonyOS/project/heima_music/entry/build/default/intermediates/libs/default",{"isDirectory":true,"fileSnapShotHashValue":""}]]},"_outputFiles":{"dataType":"Map","value":[["/Users/megasu/Documents/HarmonyOS/project/heima_music/entry/build/default/intermediates/stripped_native_libs/default",{"isDirectory":true,"fileSnapShotHashValue":""}]]}},":heima_music:entry:default@CacheNativeLibs":{"_inputs":[{"dataType":"ValueEntry","value":"{\"_name\":\"BUILTIN_TASK_COMMAND\",\"_value\":\"\",\"_valueType\":\"string\",\"_hash\":\"0b5d05294fdf4e78e8482ef53eb64ac0\"}"},{"dataType":"ValueEntry","value":"{\"_name\":\"BUILTIN_TASK_ENV\",\"_value\":\"\",\"_valueType\":\"string\",\"_hash\":\"cdcdc2ec8062ca9ec1de46dbf2bbc053\"}"},{"dataType":"ValueEntry","value":"{\"_name\":\"BUILTIN_TASK_TOOLCHAIN\",\"_value\":\"\",\"_valueType\":\"string\",\"_hash\":\"e7f94a9422a8bc317a7d90b58efcb5f6\"}"}],"_successful":true,"_projectName":"heima_music","_moduleName":"entry","_taskName":"default@CacheNativeLibs","_key":":heima_music:entry:default@CacheNativeLibs","_executionId":":heima_music:entry:default@CacheNativeLibs:1721990598047","_inputFiles":{"dataType":"Map","value":[["/Users/megasu/Documents/HarmonyOS/project/heima_music/entry/build/default/intermediates/libs/default",{"isDirectory":true,"fileSnapShotHashValue":""}],["/Users/megasu/Documents/HarmonyOS/project/heima_music/entry/build/default/intermediates/stripped_native_libs/default",{"isDirectory":true,"fileSnapShotHashValue":""}]]},"_outputFiles":{"dataType":"Map","value":[["/Users/megasu/Documents/HarmonyOS/project/heima_music/entry/build/default/intermediates/patch/default/base_native_libs.json",{"isDirectory":false,"fileSnapShotHashValue":"867a2a172955c0afd8f7656418b77bbf"}]]}},":heima_music:entry:default@GeneratePkgModuleJson":{"_inputs":[{"dataType":"ValueEntry","value":"{\"_name\":\"BUILTIN_TASK_COMMAND\",\"_value\":\"\",\"_valueType\":\"string\"}"},{"dataType":"ValueEntry","value":"{\"_name\":\"BUILTIN_TASK_TOOLCHAIN\",\"_value\":\"\",\"_valueType\":\"string\"}"},{"dataType":"ValueEntry","value":"{\"_name\":\"BUILTIN_TASK_ENV\",\"_value\":\"\",\"_valueType\":\"string\"}"}],"_successful":true,"_projectName":"heima_music","_moduleName":"entry","_taskName":"default@GeneratePkgModuleJson","_key":":heima_music:entry:default@GeneratePkgModuleJson","_executionId":":heima_music:entry:default@GeneratePkgModuleJson:1721995318592","_inputFiles":{"dataType":"Map","value":[["/Users/megasu/Documents/HarmonyOS/project/heima_music/entry/build/default/intermediates/res/default/module.json",{"fileSnapShotHashValue":"c6ac3e48e296220d853b89b9c32503a4"}]]},"_outputFiles":{"dataType":"Map","value":[["/Users/megasu/Documents/HarmonyOS/project/heima_music/entry/build/default/intermediates/package/default/module.json",{"fileSnapShotHashValue":"323a963a09ca792feda398f85a56d435"}]]}},":heima_music:entry:default@PackageHap":{"_inputs":[{"dataType":"ValueEntry","value":"{\"_name\":\"hotReload\",\"_value\":false,\"_valueType\":\"boolean\"}"},{"dataType":"ValueEntry","value":"{\"_name\":\"integrated_hsp\",\"_value\":false,\"_valueType\":\"boolean\"}"},{"dataType":"ValueEntry","value":"{\"_name\":\"projectConfigAppOpt\",\"_valueType\":\"undefined\"}"},{"dataType":"ValueEntry","value":"{\"_name\":\"sourceMapDir\",\"_value\":\"\",\"_valueType\":\"string\"}"},{"dataType":"ValueEntry","value":"{\"_name\":\"bundleType\",\"_value\":\"app\",\"_valueType\":\"string\"}"},{"dataType":"ValueEntry","value":"{\"_name\":\"BUILTIN_TASK_COMMAND\",\"_value\":\"java,-Dfile.encoding=utf-8,-jar,/Applications/DevEco-Studio.app/Contents/sdk/HarmonyOS-NEXT-DB2/openharmony/toolchains/lib/app_packing_tool.jar,--mode,hap,--force,true,--lib-path,/Users/megasu/Documents/HarmonyOS/project/heima_music/entry/build/default/intermediates/stripped_native_libs/default,--json-path,/Users/megasu/Documents/HarmonyOS/project/heima_music/entry/build/default/intermediates/package/default/module.json,--resources-path,/Users/megasu/Documents/HarmonyOS/project/heima_music/entry/build/default/intermediates/res/default/resources,--index-path,/Users/megasu/Documents/HarmonyOS/project/heima_music/entry/build/default/intermediates/res/default/resources.index,--pack-info-path,/Users/megasu/Documents/HarmonyOS/project/heima_music/entry/build/default/outputs/default/pack.info,--out-path,/Users/megasu/Documents/HarmonyOS/project/heima_music/entry/build/default/outputs/default/entry-default-unsigned.hap,--ets-path,/Users/megasu/Documents/HarmonyOS/project/heima_music/entry/build/default/intermediates/loader_out/default/ets\",\"_valueType\":\"string\"}"},{"dataType":"ValueEntry","value":"{\"_name\":\"BUILTIN_TASK_TOOLCHAIN\",\"_value\":\"/Applications/DevEco-Studio.app/Contents/sdk/HarmonyOS-NEXT-DB2/openharmony/toolchains/lib/app_packing_tool.jar\",\"_valueType\":\"string\"}"},{"dataType":"ValueEntry","value":"{\"_name\":\"BUILTIN_TASK_ENV\",\"_value\":\"\",\"_valueType\":\"string\"}"}],"_successful":true,"_projectName":"heima_music","_moduleName":"entry","_taskName":"default@PackageHap","_key":":heima_music:entry:default@PackageHap","_executionId":":heima_music:entry:default@PackageHap:1721995318594","_inputFiles":{"dataType":"Map","value":[["/Users/megasu/Documents/HarmonyOS/project/heima_music/entry/build/default/intermediates/stripped_native_libs/default",{"isDirectory":false,"fileSnapShotHashValue":""}],["/Users/megasu/Documents/HarmonyOS/project/heima_music/entry/build/default/intermediates/res/default/module.json",{"isDirectory":false,"fileSnapShotHashValue":"c6ac3e48e296220d853b89b9c32503a4"}],["/Users/megasu/Documents/HarmonyOS/project/heima_music/entry/build/default/intermediates/res/default/resources",{"isDirectory":false,"fileSnapShotHashValue":"711aa4d3083c75d685601bd0052d4595"}],["/Users/megasu/Documents/HarmonyOS/project/heima_music/entry/build/default/intermediates/res/default/resources.index",{"isDirectory":false,"fileSnapShotHashValue":"4e4a8feccf1193d6fa7ed3efaa69007d"}],["/Users/megasu/Documents/HarmonyOS/project/heima_music/entry/build/default/outputs/default/pack.info",{"isDirectory":false,"fileSnapShotHashValue":"5f3af95b215d5161f3e0a6387c3eaf24"}],["/Users/megasu/Documents/HarmonyOS/project/heima_music/entry/build/default/intermediates/loader_out/default/ets",{"isDirectory":false,"fileSnapShotHashValue":"546280d0c99c77f1872712ad12f122a2"}],["/Users/megasu/Documents/HarmonyOS/project/heima_music/entry/build/default/generated/profile/default/BuildProfile.ets",{"fileSnapShotHashValue":"6a736faedfc54185882eff5e6a2771f5"}]]},"_outputFiles":{"dataType":"Map","value":[["/Users/megasu/Documents/HarmonyOS/project/heima_music/entry/build/default/outputs/default/entry-default-unsigned.hap",{"isDirectory":false,"fileSnapShotHashValue":"5795f937eb109c39bc23912785eecdb6"}],["/Users/megasu/Documents/HarmonyOS/project/heima_music/entry/build/default/outputs/default/mapping/sourceMaps.map",{"fileSnapShotHashValue":"0c0526ccd1ca57a7fe07671478b07579"}]]}},":heima_music:entry:default@SignHap":{"_inputs":[{"dataType":"ValueEntry","value":"{\"_name\":\"enableSignTask\",\"_value\":true,\"_valueType\":\"boolean\"}"},{"dataType":"ValueEntry","value":"{\"_name\":\"sdkToolchainsComponentVersion\",\"_value\":\"5.0.0.31\",\"_valueType\":\"string\"}"},{"dataType":"ValueEntry","value":"{\"_name\":\"existSigningConfig\",\"_value\":false,\"_valueType\":\"boolean\"}"},{"dataType":"ValueEntry","value":"{\"_name\":\"BUILTIN_TASK_COMMAND\",\"_value\":\"\",\"_valueType\":\"string\"}"},{"dataType":"ValueEntry","value":"{\"_name\":\"BUILTIN_TASK_TOOLCHAIN\",\"_value\":\"\",\"_valueType\":\"string\"}"},{"dataType":"ValueEntry","value":"{\"_name\":\"BUILTIN_TASK_ENV\",\"_value\":\"\",\"_valueType\":\"string\"}"}],"_successful":true,"_projectName":"heima_music","_moduleName":"entry","_taskName":"default@SignHap","_key":":heima_music:entry:default@SignHap","_executionId":":heima_music:entry:default@SignHap:1721995318852","_inputFiles":{"dataType":"Map","value":[["/Users/megasu/Documents/HarmonyOS/project/heima_music/entry/build/default/outputs/default/entry-default-unsigned.hap",{"isDirectory":false,"fileSnapShotHashValue":"5795f937eb109c39bc23912785eecdb6"}]]},"_outputFiles":{"dataType":"Map","value":[["/Users/megasu/Documents/HarmonyOS/project/heima_music/entry/build/default/outputs/default/entry-default-signed.hap",{"isDirectory":false,"fileSnapShotHashValue":""}]]}},":heima_music:MakeProjectPackInfo":{"_inputs":[{"dataType":"ValueEntry","value":"{\"_name\":\"allRemoteHspPathMap\",\"_value\":\"[]\",\"_valueType\":\"string\"}"},{"dataType":"ValueEntry","value":"{\"_name\":\"BUILTIN_TASK_COMMAND\",\"_value\":\"\",\"_valueType\":\"string\"}"},{"dataType":"ValueEntry","value":"{\"_name\":\"BUILTIN_TASK_TOOLCHAIN\",\"_value\":\"\",\"_valueType\":\"string\"}"},{"dataType":"ValueEntry","value":"{\"_name\":\"BUILTIN_TASK_ENV\",\"_value\":\"\",\"_valueType\":\"string\"}"}],"_successful":true,"_projectName":"heima_music","_moduleName":"heima_music","_taskName":"MakeProjectPackInfo","_key":":heima_music:MakeProjectPackInfo","_executionId":":heima_music:MakeProjectPackInfo:1721991390923","_inputFiles":{"dataType":"Map","value":[["/Users/megasu/Documents/HarmonyOS/project/heima_music/entry/build/default/outputs/default/pack.info",{"fileSnapShotHashValue":"9b96899d8d42adc64f18ee8382a4c3bd"}]]},"_outputFiles":{"dataType":"Map","value":[["/Users/megasu/Documents/HarmonyOS/project/heima_music/build/outputs/default/pack.info",{"fileSnapShotHashValue":"0845e61c835c3a31e797ee324071db4d"}]]}},":heima_music:GeneratePackRes":{"_inputs":[{"dataType":"ValueEntry","value":"{\"_name\":\"needPackRes\",\"_value\":false,\"_valueType\":\"boolean\"}"},{"dataType":"ValueEntry","value":"{\"_name\":\"BUILTIN_TASK_COMMAND\",\"_value\":\"undefined\",\"_valueType\":\"string\"}"},{"dataType":"ValueEntry","value":"{\"_name\":\"BUILTIN_TASK_TOOLCHAIN\",\"_value\":\"/Applications/DevEco-Studio.app/Contents/sdk/HarmonyOS-NEXT-DB2/openharmony/toolchains/lib/app_packing_tool.jar\",\"_valueType\":\"string\"}"},{"dataType":"ValueEntry","value":"{\"_name\":\"BUILTIN_TASK_ENV\",\"_value\":\"\",\"_valueType\":\"string\"}"}],"_successful":true,"_projectName":"heima_music","_moduleName":"heima_music","_taskName":"GeneratePackRes","_key":":heima_music:GeneratePackRes","_executionId":":heima_music:GeneratePackRes:1721991390925","_inputFiles":{"dataType":"Map","value":[["/Users/megasu/Documents/HarmonyOS/project/heima_music/build/outputs/default/pack.info",{"isDirectory":false,"fileSnapShotHashValue":"0845e61c835c3a31e797ee324071db4d"}]]},"_outputFiles":{"dataType":"Map","value":[]}},":heima_music:PackageApp":{"_inputs":[{"dataType":"ValueEntry","value":"{\"_name\":\"allDestDir\",\"_value\":[\"/Users/megasu/Documents/HarmonyOS/project/heima_music/entry/build/default/outputs/default/app\",\"/Users/megasu/Documents/HarmonyOS/project/heima_music/entry/build/default/outputs/default/app\"],\"_valueType\":\"object\"}"},{"dataType":"ValueEntry","value":"{\"_name\":\"BUILTIN_TASK_COMMAND\",\"_value\":\"java,-Dfile.encoding=utf-8,-jar,/Applications/DevEco-Studio.app/Contents/sdk/HarmonyOS-NEXT-DB2/openharmony/toolchains/lib/app_packing_tool.jar,--mode,app,--pack-info-path,/Users/megasu/Documents/HarmonyOS/project/heima_music/build/outputs/default/pack.info,--hap-path,/Users/megasu/Documents/HarmonyOS/project/heima_music/entry/build/default/outputs/default/app/entry-default.hap,--hsp-path,,--force,true,--out-path,/Users/megasu/Documents/HarmonyOS/project/heima_music/build/outputs/default/heima_music-default-unsigned.app,--main-module-limit,2,--normal-module-limit,2\",\"_valueType\":\"string\"}"},{"dataType":"ValueEntry","value":"{\"_name\":\"BUILTIN_TASK_TOOLCHAIN\",\"_value\":\"/Applications/DevEco-Studio.app/Contents/sdk/HarmonyOS-NEXT-DB2/openharmony/toolchains/lib/app_packing_tool.jar\",\"_valueType\":\"string\"}"},{"dataType":"ValueEntry","value":"{\"_name\":\"BUILTIN_TASK_ENV\",\"_value\":\"\",\"_valueType\":\"string\"}"}],"_successful":true,"_projectName":"heima_music","_moduleName":"heima_music","_taskName":"PackageApp","_key":":heima_music:PackageApp","_executionId":":heima_music:PackageApp:1721991390925","_inputFiles":{"dataType":"Map","value":[["/Users/megasu/Documents/HarmonyOS/project/heima_music/build/outputs/default/pack.info",{"isDirectory":false,"fileSnapShotHashValue":"0845e61c835c3a31e797ee324071db4d"}],["/Users/megasu/Documents/HarmonyOS/project/heima_music/entry/build/default/outputs/default/entry-default-unsigned.hap",{"isDirectory":false,"fileSnapShotHashValue":"6ff2905a34432a622b7cd930f3a0f5ff"}]]},"_outputFiles":{"dataType":"Map","value":[["/Users/megasu/Documents/HarmonyOS/project/heima_music/build/outputs/default/heima_music-default-unsigned.app",{"isDirectory":false,"fileSnapShotHashValue":"8b395ca3bf2dd9ca0190a210be17c208"}],["/Users/megasu/Documents/HarmonyOS/project/heima_music/entry/build/default/outputs/default/app/entry-default.hap",{"isDirectory":false,"fileSnapShotHashValue":"84e0fa31c6b2d9f54eae06a253489c33"}]]}},":heima_music:SignApp":{"_inputs":[{"dataType":"ValueEntry","value":"{\"_name\":\"enableSignTask\",\"_value\":true,\"_valueType\":\"boolean\"}"},{"dataType":"ValueEntry","value":"{\"_name\":\"sdkToolchainsComponentVersion\",\"_value\":\"5.0.0.31\",\"_valueType\":\"string\"}"},{"dataType":"ValueEntry","value":"{\"_name\":\"existSigningConfig\",\"_value\":true,\"_valueType\":\"boolean\"}"},{"dataType":"ValueEntry","value":"{\"_name\":\"signingConfig_name\",\"_value\":\"default\",\"_valueType\":\"string\"}"},{"dataType":"ValueEntry","value":"{\"_name\":\"signingConfig_type\",\"_value\":\"HarmonyOS\",\"_valueType\":\"string\"}"},{"dataType":"ValueEntry","value":"{\"_name\":\"existMaterial\",\"_value\":true,\"_valueType\":\"boolean\"}"},{"dataType":"ValueEntry","value":"{\"_name\":\"signingConfig_signAlg\",\"_value\":\"SHA256withECDSA\",\"_valueType\":\"string\"}"},{"dataType":"ValueEntry","value":"{\"_name\":\"signingConfig_keyAlias\",\"_value\":\"myAlias\",\"_valueType\":\"string\"}"},{"dataType":"ValueEntry","value":"{\"_name\":\"signingConfig_keyPassword\",\"_value\":\"00000019020008A843E0164E47676542E7E8198D59732D2726173B1F3A1B2B9D3BAAFA7A005749BC7F\",\"_valueType\":\"string\"}"},{"dataType":"ValueEntry","value":"{\"_name\":\"signingConfig_storePassword\",\"_value\":\"0000001903AC6C5AFBB9F6B796B3D57C4137224E44B2996B462D3286737E376CD40BD84D3103060C38\",\"_valueType\":\"string\"}"},{"dataType":"ValueEntry","value":"{\"_name\":\"BUILTIN_TASK_COMMAND\",\"_value\":\"\",\"_valueType\":\"string\"}"},{"dataType":"ValueEntry","value":"{\"_name\":\"BUILTIN_TASK_TOOLCHAIN\",\"_value\":\"\",\"_valueType\":\"string\"}"},{"dataType":"ValueEntry","value":"{\"_name\":\"BUILTIN_TASK_ENV\",\"_value\":\"\",\"_valueType\":\"string\"}"}],"_successful":true,"_projectName":"heima_music","_moduleName":"heima_music","_taskName":"SignApp","_key":":heima_music:SignApp","_executionId":":heima_music:SignApp:1721991391135","_inputFiles":{"dataType":"Map","value":[["/Users/megasu/Documents/课堂视频/【鸿蒙】2024年暑假鸿蒙师资培训/app_key/AGC平台证书3.cer",{"isDirectory":false,"fileSnapShotHashValue":"6320ee7ef2a749ace44200598821238f"}],["/Users/megasu/Documents/课堂视频/【鸿蒙】2024年暑假鸿蒙师资培训/app_key/AGC平台证书4-黑马云音乐应用证书文件Release.p7b",{"isDirectory":false,"fileSnapShotHashValue":"1d46c0b27d1cc716df6c2b538a938ab1"}],["/Users/megasu/Documents/课堂视频/【鸿蒙】2024年暑假鸿蒙师资培训/app_key/本地证书1.p12",{"isDirectory":false,"fileSnapShotHashValue":"3dd114c660007dbb073823c5f2bbb37f"}],["/Users/megasu/Documents/HarmonyOS/project/heima_music/build/outputs/default/heima_music-default-unsigned.app",{"isDirectory":false,"fileSnapShotHashValue":"8b395ca3bf2dd9ca0190a210be17c208"}]]},"_outputFiles":{"dataType":"Map","value":[["/Users/megasu/Documents/HarmonyOS/project/heima_music/build/outputs/default/heima_music-default-signed.app",{"isDirectory":false,"fileSnapShotHashValue":"91a06c665c95cb3026b80b99122f3378"}]]}}}